transaction_amount,user_history_returns,item_category_risk,delivery_distance_km,is_cod,will_return
5930.831723286756,1,0.2840434941975176,291.26179147662594,1,0
14285.357442943785,3,0.161254913456093,475.5591122888067,1,0
11113.912156265375,2,0.8359210931495371,78.32990277257595,0,0
9180.548020857032,1,0.5243285503803227,496.814674679891,1,1
2762.2702864153293,3,0.41739357701019175,323.91506865499,1,1
2761.9205448749385,0,0.5280233702150271,285.9096287431261,0,0
1342.212376438892,0,0.6026345827852422,260.06341393548223,1,0
13059.55411373656,1,0.8375030346954793,16.708914683664812,0,0
9216.167670276527,4,0.24295436182905067,470.12139981704115,1,1
10767.05237804266,2,0.33644199890817406,323.7772640628282,0,0
798.4751672891355,0,0.8806314690752918,50.35510982714916,1,1
14563.692856348918,1,0.39695438931881954,15.371324295789824,1,0
12570.418291606115,1,0.11804932060586211,30.13790142219191,0,0
3578.9171048350045,2,0.21811479410972706,306.65090289895915,1,0
3136.462024502959,3,0.12107096139884162,308.9376303728197,1,1
3159.3653928747904,3,0.8919385139365827,252.33530943181333,1,1
4911.512522913297,3,0.32309667919297846,156.84908122321102,0,0
8108.968258667449,1,0.8388342055489808,268.21265214924745,0,0
6763.202770310679,1,0.8967090206077727,260.56940133374763,1,1
4722.822532871608,1,0.5798729769144914,14.610702138899985,0,0
9371.866973474502,0,0.1265570520524494,144.82226901211152,1,0
2522.6609794546066,2,0.16527330430954157,31.326744026238995,0,0
4736.097403760663,1,0.4852712440863022,450.57660196658946,0,0
5812.246727758529,3,0.42493761032918875,363.98546557864205,1,1
7113.014771147021,2,0.5849418446254141,498.0770092454916,1,0
11885.051440198697,1,0.4510782477690912,154.5747753361175,1,0
3395.2698412962163,1,0.8472614794171875,439.8504946396706,1,0
7956.399356997368,2,0.5277917723308089,303.5118626265785,1,0
9090.011248499615,0,0.6549808491699538,229.29707641728444,1,0
1173.5309844399671,3,0.8171882181139972,115.17369008787438,1,1
9309.400352570856,1,0.21749750066656592,370.5041218166407,1,0
2972.599793465727,0,0.2837877232948228,452.5496707076285,1,0
1443.248098286553,0,0.18585492837921205,121.47765704730851,1,0
14258.840290173332,1,0.21171071938392982,91.81821581193822,1,0
14501.66447958111,0,0.5100671735473865,349.6298479274092,0,0
12221.761547688686,2,0.3569434071739712,488.601715549132,0,0
4916.899653013875,1,0.4385382716214039,376.2277750465186,0,0
1916.245653092566,0,0.8859918654352494,145.8674658285862,0,0
10421.378884426274,0,0.2253634782367585,212.8779349531539,0,0
6882.211159224219,1,0.5326496566384605,195.237229551894,1,0
2269.5544052492933,0,0.17909692404292077,426.7870339332875,1,0
7680.065196613417,2,0.3547970506111029,386.8285355417508,0,0
998.6335561706667,1,0.5220207389396789,296.54284020695246,1,0
13685.145830142339,2,0.8573053967722702,141.1047596464671,1,1
4252.309733200245,1,0.4129825770267864,469.3043212224178,1,0
10106.573123132739,0,0.15192535697173587,328.39103626072756,0,0
5019.810603296459,1,0.41052915836825354,485.3859399886823,1,1
8040.986307078257,6,0.2165929406991822,292.15793135580526,0,1
8427.299050477555,2,0.2839916906331562,411.490415389989,0,0
3180.3896051201423,1,0.5944724985319924,407.4871628002907,0,0
14558.9771025861,2,0.15393909296294536,171.9777445326281,1,0
11739.425938736162,3,0.4717790050000299,482.1902578638279,1,1
14122.734652680741,1,0.5875692688086115,15.861026460794175,0,1
13474.996581200909,3,0.4374867138939975,385.51189983987,0,0
9169.549692760735,0,0.1153010804989843,482.95075745320173,1,0
13867.176407835193,2,0.8884154855222923,172.75956062544282,1,1
1783.1412797528328,0,0.39369261387242827,325.8147409565311,0,0
3341.7515050776055,3,0.7228617495466135,283.30050867288423,1,1
1155.795689202802,2,0.3605171937499626,381.9461182898792,1,0
5217.289796067333,4,0.48001340559473504,433.7580712143009,0,1
6135.820700497489,1,0.4107709140887973,303.50706180327626,1,1
4434.56096072149,3,0.3740313836076862,408.87277025882116,0,0
12516.693882702975,0,0.117481101766223,159.58136006518131,1,0
5672.923237057044,2,0.38801675028360283,118.15059405888435,1,1
4573.55039046702,1,0.8115919923196241,218.1805063187559,0,0
8369.093205794603,1,0.652314670874947,340.4796167924877,1,0
2543.4012621340585,0,0.21633828727635188,97.68723972466819,1,0
12131.856220933576,1,0.5729240036981914,341.77433511518626,0,0
1580.9843333566769,0,0.8137846879590972,200.07635604317332,0,0
14809.8605807075,0,0.6600272327718844,398.8097605768528,0,0
11697.549154801532,2,0.21894751388535738,23.233729466135134,1,0
3381.3773822455,0,0.7942659973875974,335.65140572555026,1,0
580.0706982922347,0,0.3412352106310923,326.662056641734,1,0
12324.190712595095,3,0.46326091544987347,470.7630606820306,1,0
10749.431485790448,2,0.5209142077513171,358.1169390142149,1,0
11070.603936594316,1,0.7804052835025562,399.1694387295242,1,0
11683.420026946213,4,0.8452859961181288,452.77255284731837,1,1
1573.6474501443101,2,0.8437223022324448,339.150699554534,1,1
5697.7530638919525,3,0.10636334502283251,148.62604930518742,1,0
2180.1013631143805,2,0.8375107884683658,435.5380307938434,0,0
13014.999675196106,1,0.14350957280125787,375.05116914060767,0,0
9537.82283899959,2,0.3126189254539483,215.09661398044227,0,0
5298.021360363413,3,0.5119902837822664,356.7119404617312,1,1
1421.5960791473426,2,0.4839405512035152,434.50599420466534,1,1
5009.243664877102,1,0.5837678351099136,487.9478050386794,0,0
5215.1581693878325,2,0.4835569829896047,476.4139944597324,1,1
11079.289585901928,2,0.8475005437123366,166.03727424825004,1,0
9744.58333465059,1,0.2924390785716696,213.73838829049998,1,0
13364.584767356735,1,0.3192197552307887,59.22061946379878,0,0
7347.116414848265,0,0.8365903485544449,127.53442207393276,1,0
2234.1165661053747,1,0.161391610996205,441.7984982010404,0,0
10842.049414733428,0,0.5876486575238479,183.62071350828268,0,0
11531.383204945012,2,0.6453887616524886,312.1735660044661,0,0
8638.519364757696,2,0.5044333787437916,334.65298106198145,1,1
11679.024109341135,2,0.6553855030585097,392.00549119593944,0,0
7660.036147283666,0,0.2382037168095736,95.48601497158732,1,0
8079.626026038914,2,0.7821057862172319,155.88250163414557,1,1
6699.344766198969,2,0.2120205515759085,226.9264890217994,0,0
868.5773377893802,3,0.42064995545259976,185.5963253129454,0,0
2064.4256914029147,3,0.16020608104656464,491.53809026554643,0,0
955.7231924576466,3,0.5361688630539202,418.29569759078765,1,1
9727.950963324816,2,0.6357966459405113,242.4449435371406,0,1
5058.161725606737,2,0.8529773080762325,440.23796991280165,1,1
7874.27502188819,0,0.6914689567168006,177.0882090537319,0,0
13659.713871928348,2,0.5328823331633209,393.985020325681,1,0
4114.737322658686,2,0.846093613736267,115.71942106269456,0,0
6450.552384016632,2,0.4827494704327012,387.2994123870511,1,1
11455.491508874205,0,0.5489645224790956,230.94443458188553,1,0
3817.5733996285257,0,0.5768788221360767,58.21216389115997,1,0
1616.2086925174983,2,0.42798378070925347,140.26491500501322,0,0
4701.396067249636,1,0.7707861524526594,204.12593889166448,1,0
2837.708665183064,2,0.2481407510760473,375.8999912738964,0,0
13980.61595896731,2,0.5438737522972864,41.12644379182068,1,0
12217.745503684046,4,0.6777866049497552,331.4757625708566,1,1
9684.35446940114,0,0.8231809375012618,359.4267522617576,1,0
13136.178557721907,1,0.8071347171474227,328.691078113247,1,1
12153.24511503716,0,0.5069922315441135,381.53147089294004,0,0
3205.26585384752,0,0.6145291609306733,93.19346493130496,0,0
13442.105478104677,0,0.4153901889034408,295.6161607562035,1,0
8320.462507776934,1,0.4745422103041602,470.86674886592056,1,1
12207.882249878907,2,0.8250126340584396,307.3382135532462,0,0
13493.323848890652,0,0.8445631945539792,307.61149174171175,1,0
5111.0503870920265,1,0.8163312464536158,369.53762284606813,0,0
2095.752905651313,3,0.21069668945091058,169.93609490230023,1,1
3805.0598568581545,1,0.780067217064509,351.7355711541626,0,0
6693.062935080717,3,0.8586909848171843,458.53574749004144,0,1
12361.21410587615,3,0.3889997556588838,10.393259147544782,1,1
12980.593457216979,2,0.5149170315373354,435.7059553488883,1,0
600.8058927022652,1,0.7232762046503968,113.21607397313525,1,0
7905.835887374703,1,0.549662510052519,230.68202048168573,1,0
6552.459545657295,1,0.8947868173649995,426.9121614715558,1,1
3720.5632518255884,1,0.46457069212546276,412.8365030910314,0,0
2238.0478263384007,0,0.6711541689659021,446.50410167239767,0,0
5395.419985352605,2,0.7340729121572354,470.50631235310044,0,0
14172.190706731528,1,0.4952803326067515,226.34269360202052,1,0
5186.442514300951,3,0.7855870445691007,329.9000863464984,1,1
8022.464015278809,2,0.5369236729657572,198.2868280604228,1,1
10693.774903980078,2,0.4293206374413051,178.6047751586221,1,0
5772.629234499763,0,0.18625893908155763,218.63972824584638,0,0
14590.840199453929,2,0.4147308610803394,372.82268671742463,1,0
14455.485776660613,1,0.6871491637866274,253.21316983506867,0,0
4150.843289467781,3,0.8370291293440858,407.9595388519293,1,1
7710.103335439589,2,0.30134352308824824,373.88314621209713,0,0
4862.73549234316,0,0.38418841386440217,15.136838256577667,1,0
4630.1871684732805,4,0.22316879528354097,316.96788776755,1,1
1034.8607366407255,2,0.652578315383175,221.10270603775257,1,1
9338.682842708504,3,0.8681507440079402,231.03134962981508,1,1
7788.845836818492,0,0.6127617758785404,410.09466166559787,0,0
1246.4418931248456,1,0.5936612240049811,276.065953111915,0,0
4540.3737314308655,2,0.5427919444003472,443.3828026121788,1,0
13669.855346516479,2,0.17076459254842924,357.83876823388675,1,1
3973.6474146711003,1,0.6836030611435069,278.65580433820617,0,0
2600.9756453227346,1,0.5816396348394807,378.49629819479634,0,0
7597.065024024664,1,0.6291814150850297,23.982780208076615,1,0
14791.93158460371,2,0.8190488744219373,18.406409139962832,1,0
4009.801436916756,3,0.7271686296488143,46.25791682582177,1,1
10245.965437385239,3,0.7247322017236209,221.5948359478356,1,1
11543.484422266405,1,0.8417470151034782,121.54782208533683,1,0
3945.7443878897952,1,0.8919479611703997,492.2093407358134,0,0
11059.137054871964,1,0.5650261855688478,273.4336188106266,0,0
5832.855424429172,3,0.1871052928249326,332.89579431017347,1,0
9668.434543606902,3,0.4673039262203491,143.01596744211486,1,0
9686.180806032973,2,0.7300809171693156,164.28946975086635,0,0
8268.732919084,1,0.12218025980947936,171.05364749987217,1,0
1809.2016657889203,0,0.14550995068491926,350.8741740493988,0,0
12611.88618604395,1,0.15372622590625706,239.4845728062077,1,0
5151.310942090169,1,0.6848286066626487,261.25340800238683,0,0
3204.5184007978864,1,0.5009333028505377,298.04147616887593,1,0
1091.2395525440768,2,0.39511835481647484,385.56176983791744,1,1
9067.947676229507,3,0.1844936362093888,49.73302551367668,0,0
10324.683246713095,3,0.6857922001647113,389.5525865483167,1,1
740.5235194539142,1,0.3568158484407198,283.801359093214,0,0
7925.349345339574,2,0.31225925605173377,336.2022452033523,1,1
3784.1887403701003,1,0.6218553612428408,167.1381235961772,1,1
9855.005460937024,2,0.5472087140774734,207.64648422414234,1,1
3028.313220572376,0,0.3899285134506413,119.42708072869053,1,0
10518.597202485756,1,0.6131899766444705,489.7534987216156,1,0
6107.662521357793,0,0.3169772163072946,251.01647139260675,1,0
14082.58483668265,1,0.7358642092834614,498.05807331931595,0,0
2494.053690116902,1,0.28345516024612316,247.44405914032683,0,1
5445.462090228749,1,0.22707015630561253,113.77687587011333,1,0
2145.366057988542,0,0.7259515275991,256.18893638474407,1,1
13908.05746503916,2,0.6663136245583465,24.59980804054351,1,1
13221.420624024224,1,0.24611118056143877,452.8610517038659,0,0
4240.153601869756,3,0.19299660215195039,410.18237434124836,1,0
10069.768667495597,0,0.7707192707893536,364.2811577436709,1,0
12349.72190291763,1,0.7212787857573505,306.8642241440177,1,0
8550.411768192203,4,0.36180589895973136,292.01794566682975,0,0
8179.933386162094,1,0.6265579265706933,498.3804659693341,0,0
4006.8582180565495,0,0.19932814923824865,142.60872983986928,0,0
1849.9901331855385,1,0.5056381272381425,390.9437608559611,1,0
13509.628490323237,1,0.1149842336483359,292.79536125576044,1,0
13556.06182886829,2,0.41328150473724434,488.06086916064817,0,0
9679.971130462385,2,0.15987425717712409,414.76257573263496,1,0
5415.93197020616,3,0.480117744125506,499.2699309298484,1,0
5563.538831883583,3,0.43734531748231553,296.22087225891096,0,0
11026.35734361847,2,0.4555080213104449,106.24925898474285,1,1
13508.098769312368,1,0.13626504163839526,254.32508266889326,1,0
13362.753151844201,3,0.3892930730254659,357.0000113550344,1,1
11808.195414935546,1,0.7051870792799332,388.3083911598861,1,1
9809.458869237173,1,0.3951314986828961,5.252444562892066,1,0
1720.0294924282082,1,0.6721375620876645,254.98840880863557,0,0
2843.6163543718994,1,0.39558297890698657,121.44111708547005,0,0
13529.03573364265,1,0.43859155319214915,438.08135746112026,0,0
9293.221365064053,0,0.551113690263413,80.68819480486313,0,1
633.3572484411299,3,0.860545549445666,334.8958435395425,0,1
1971.3373715574655,3,0.18708835731732415,136.7007842108378,0,0
10120.77565206681,3,0.12633101492893895,181.48836089106476,1,0
573.3929657701709,2,0.5863657470480361,470.57683407463816,1,0
2831.7167455537306,1,0.8592776711427411,124.02182207699934,0,0
8456.6399458155,1,0.891778506043772,52.026367102350676,0,0
10532.480366544052,1,0.48733139791360147,39.29602621489179,1,0
9953.438262787708,2,0.4744652968680788,254.78447949923375,0,1
3751.9049871781167,0,0.6159710165961569,322.64718373072253,1,0
10826.59870953927,0,0.5445078057639758,167.01035356758916,1,0
3940.1117687036012,2,0.6072704460912945,346.678572187575,0,0
5218.295623309382,0,0.7991995404303154,35.211690693752715,0,0
11324.12537421135,4,0.6970449355900874,429.380649236824,0,0
9919.677036184612,0,0.4975019133494365,409.2007688209227,0,0
12813.73945216558,0,0.46949156720013574,492.8206543390824,1,0
10035.386938354979,1,0.6116813988104928,468.56996554641347,0,0
8740.474748364339,1,0.46456502753623796,181.3175961398694,1,1
1858.2841335073408,4,0.4662234810125119,202.6413150877107,1,1
5831.879144361786,1,0.11304472142920385,374.2525995017385,0,0
4345.434331385019,1,0.23925130992584676,71.37097211771668,0,0
4037.849828996712,2,0.49081091199660243,160.43728157119324,1,0
14608.65304391046,1,0.7581227672402954,63.6777638029459,1,0
6199.917007668026,5,0.3229816053816993,230.16879229105155,0,1
13434.675050068143,3,0.5181147465049193,278.2421185432322,0,1
9651.510076960312,4,0.3759696678073857,109.52443263156243,1,0
12024.763901353903,2,0.18384319163167123,18.182685022481976,0,1
7788.237850025285,1,0.8666387864570405,361.0811367165089,0,0
8865.106327082207,1,0.7837390962002414,14.902556390953412,0,0
7641.506560373527,2,0.16279393957352511,486.8342914195363,0,0
3331.0233230716453,1,0.6758298099746277,114.69559208748575,0,0
10975.555671291828,2,0.37806392348600015,333.6305455975641,1,0
4571.199255392409,2,0.8958798456494341,220.20210448879462,1,1
852.5815132560806,1,0.3419188158631822,34.53856086686807,1,0
9859.348290653934,1,0.29099075629008,238.7308852840614,0,0
3068.1048514022095,1,0.5543124386443242,260.79651397691583,1,0
14136.649473117257,3,0.7681009306745633,428.0681880059699,1,1
14331.964366537517,1,0.2540150974558384,367.5127894757095,0,0
13765.533658196504,2,0.667522215775465,44.25472500292625,0,0
5867.301153703944,3,0.14912526651289737,108.53552829897122,0,0
724.1209396685776,1,0.8351477944883978,159.3844036863991,0,0
13960.619157522018,0,0.164859932917839,62.62180480008564,1,0
6708.670150601058,3,0.83138510107533,231.16504010267283,1,1
14516.494876133209,2,0.49264579956216226,492.2330494769551,0,0
14472.489667794167,1,0.4584728902367359,259.73333166269197,1,0
12868.63710427672,2,0.8786456636003013,372.2316733199688,0,1
4769.508935008993,0,0.8923073421585753,343.05420986117633,0,0
6083.917064727916,0,0.6201425007688096,425.7061603706083,0,0
12841.481736994425,0,0.20169543348563881,111.78312778047668,1,0
5095.369074766026,2,0.5049360685241621,378.143999538049,0,1
2957.6448269483412,0,0.5233304807645299,441.270843951346,0,0
8573.618305646076,2,0.5115571425082478,89.89736237522017,0,0
14074.244225331324,1,0.5555934708160079,176.66709879506186,0,0
10592.43205178711,1,0.11497977103551255,485.2003733441229,1,0
8765.886966295791,3,0.6689818251764019,391.48998375999724,1,1
1909.0591596761437,1,0.6699154415623905,144.88246210607852,1,0
9417.604787137961,1,0.19237582014231036,284.15117597402104,1,0
14855.780826511818,0,0.5561915539566405,205.14143081049198,1,1
2531.2182209295984,4,0.5546889459486197,247.53276228192928,0,1
8015.779959274183,0,0.6459603361523201,180.8072647384007,0,0
13221.909542955354,4,0.16831815370806485,143.2688541725186,1,1
11241.144957435965,1,0.6012026458128771,339.00770548875226,0,0
10606.728244431386,2,0.32460156059707296,390.3781984676282,1,1
10686.019217813084,1,0.5056023923969376,437.60877575993567,0,0
5712.62169268645,1,0.7186588421632614,81.88833382250309,0,0
4757.0817418351535,1,0.6645167490904107,412.3134842043941,1,0
12235.736754438447,1,0.19512241414239473,131.12640811614645,1,0
12246.644222848121,1,0.5729478296928586,216.53151300547506,0,0
13072.548619411504,1,0.8752932247525909,451.21462449537705,0,0
13741.988012068834,0,0.22541554986800183,229.979282486388,1,0
7914.464783483598,3,0.782325670180332,102.54644935193652,0,0
7771.986272964395,1,0.6620384644430215,84.13498434237331,0,0
12075.280095018239,0,0.7192026503278077,239.12696449280625,0,0
9924.476996277595,3,0.3255666617141164,382.5228498683943,1,1
10678.519720236698,1,0.33031114350387397,498.61654626727915,1,0
12038.993706823465,2,0.8248155646211905,394.7672710732964,1,1
13405.077456354711,1,0.3878656256740469,439.1209196767125,0,0
5400.929774347269,2,0.1504123125542484,375.17701866276957,0,0
5945.952813279188,1,0.5804773628635601,448.24037487427245,0,0
1862.7381276926005,2,0.19985413523347414,42.76530394038706,1,1
8885.062044444523,4,0.7372769931263266,465.3161414959145,1,1
1021.1629700527602,0,0.6133971540008459,201.22104609419978,0,0
7251.171262920672,1,0.7997812041769666,461.1990405238201,1,0
8368.347203259862,0,0.7278697998261082,42.487754542440406,1,1
4654.848155860124,0,0.18969091867055693,359.0452637749622,1,0
9067.082278250657,2,0.4048565411475379,369.16593059175125,1,1
942.2536241162168,0,0.7196481999316698,498.47089020239747,0,0
1041.548736863609,1,0.43387317861306063,385.5833589914578,1,0
12427.708129565044,0,0.8778923878239827,194.3739843787253,1,0
5722.764300463312,0,0.6885923599147594,280.83803305117993,0,0
2342.3774334523296,3,0.11239993335225683,186.44271439246216,1,0
8072.527270794663,3,0.8039885532486691,102.02922942590477,1,1
11664.906519929857,1,0.1806438278948461,128.00865211362537,0,0
3629.404898704226,3,0.2124189793440687,114.89521446578887,1,1
9531.911899375504,1,0.6875939204888407,276.6635884307904,1,0
1737.538242409636,5,0.7919748475443842,453.5495140932872,0,1
1249.3849569448116,1,0.5290797023196449,456.7996799137568,0,0
8204.642157738146,3,0.3312397863566233,32.108069875283626,1,1
8339.209263346544,1,0.3810524362025405,44.55020347118729,0,0
9742.733571723995,2,0.37431146367684487,126.33393330031004,1,1
11028.324338978593,1,0.36134248304760985,131.2544289723901,0,0
14649.855152206752,2,0.2943277374573199,51.9701417434293,0,0
7986.355050367332,0,0.5870936757033864,197.28935388085304,0,0
5182.868857648066,2,0.8203242548520538,295.92406938218716,1,1
12030.199824146202,1,0.34566593046667293,291.19028929673453,1,0
4427.067643300076,1,0.24935543796912968,273.9976922230034,1,0
6865.085600231723,2,0.7708621330971399,172.64260281931112,0,1
1637.6175294628563,1,0.6934266647117626,354.6955642317074,1,0
867.5857795241338,2,0.8446696252479284,414.10955078563035,0,0
14458.402012829913,0,0.23241578848392772,176.40576190631717,0,0
12621.711747426985,0,0.21540105129327325,47.340002853233685,0,0
10591.62598835862,2,0.5331435154439974,151.68347429046898,0,0
6429.817694006913,1,0.5915469238680763,72.99748401457687,0,0
3012.767641027264,1,0.48413875348767166,236.34256997745453,0,0
2768.3371187307475,4,0.5791733090591004,82.18789990145875,0,0
4128.522023386632,2,0.24430381510005708,234.10815504069876,1,0
8463.786638238747,1,0.4836910033312667,114.39643170070065,0,0
10861.640879150904,1,0.6264740487517343,370.67189720388944,1,1
10072.861962407103,1,0.44616515939896295,18.64627921374359,1,0
4559.041505716172,2,0.6435578686532784,279.59942039680317,0,0
14345.546569616314,1,0.46095302444307173,88.89669608542806,1,1
11199.505292088643,3,0.3668796646738218,5.4909729124653985,1,1
8538.133761415309,0,0.3428840376696739,435.2540435920795,0,0
9369.950820398108,0,0.42872164719087047,337.4062549679635,1,0
6584.200905202953,4,0.11847169814576067,53.976696915009086,1,0
4092.099347766783,2,0.6348201107568909,333.7158220035085,1,0
5661.603840443293,2,0.7760845127842095,307.7654297051113,1,1
11488.768601733353,1,0.38370167555449486,239.31156008638564,0,0
708.7055851314601,3,0.13682650891337486,212.53275872067894,0,0
2183.0532873502852,3,0.8894204779084461,444.0995326432888,0,0
1167.0383093154148,2,0.31095860436085354,126.34826984923838,1,1
1090.567633625067,0,0.2012968973526184,202.16347822162473,1,0
12904.178468159605,0,0.39580200637842233,167.9121293829395,1,1
10703.038961010343,0,0.6908456325068453,386.7445093731336,0,0
7375.520521766215,1,0.3351332775124526,458.650326585107,0,0
1918.5953294395215,0,0.5597625631355903,425.6419408764141,1,0
7628.4301891940695,2,0.4324479955497138,399.86344549838543,1,1
7365.340676318202,0,0.19421119382129481,493.461023057191,0,0
3011.42711369522,4,0.36422960999368825,350.08655245314065,0,1
6790.848913950609,0,0.6798964045712533,376.7716266506992,0,0
6278.318648761915,0,0.5896031178651565,491.4872571539844,0,0
9429.82642175714,0,0.1958227039068488,8.460438772591171,1,0
9708.857937580835,2,0.23065792777144686,318.85394633600066,1,0
1156.9081416946456,0,0.6125866874459563,370.79090831687836,1,0
5931.882912083833,2,0.750732331456695,459.3243916098115,1,0
9574.968777856428,1,0.3795795967665354,442.5029305712497,0,0
7795.475749411272,2,0.5762486014747602,421.7705372107282,0,0
12919.102697230674,1,0.23651487100168422,473.16667961114337,1,0
10051.057658474703,2,0.3491010695242591,271.00269801728524,1,1
2862.5491926807304,3,0.11621616453844208,8.425447314489245,0,0
1523.2468373062327,0,0.7146207582396181,10.471927355019716,0,1
9815.079533991577,3,0.42080785581837343,274.59633253083973,0,1
884.4140028535163,3,0.7529004589231632,220.45975823765093,0,0
8993.745928465218,2,0.666698396818181,228.36630141589703,1,1
14133.338500661885,1,0.7629954125827816,203.2003449189683,1,0
8844.375579200245,1,0.3285269356663062,459.27427550016165,1,0
6128.4639299945675,3,0.24808698434227622,182.789323829046,1,0
9827.67916741412,2,0.8775245461213365,428.8323361727262,1,1
7144.6669121269915,1,0.6738622296326956,451.91807292686224,0,0
8411.443445081057,2,0.7672338143413363,252.25337614948262,0,0
14151.239727259615,0,0.11050669896794699,226.2343284957187,1,0
6098.488248111226,0,0.3835692962367093,381.7051990866462,1,0
14437.263175446757,3,0.6942533524618654,355.4458962817418,0,0
13627.584308362924,1,0.16238626639198667,167.62488271512194,1,0
3338.9714544447984,2,0.5538719436551486,55.761322332700054,1,0
1505.7388626898992,1,0.44325821396400256,136.10193809032776,1,0
1961.2810199726864,1,0.11409320571288584,69.85911037708799,1,0
764.2164719474711,1,0.28878046169556115,150.89247650946223,1,0
1869.4229309609618,4,0.3278335912533714,134.60167496249554,1,1
10403.598214537174,0,0.18948795707705798,320.6671548239232,0,0
1532.2354026733203,1,0.6052295277941283,477.47553408511595,1,1
5125.1466392595385,3,0.29391830100151123,344.4431475035894,1,1
12750.692009057091,0,0.3220955996955107,463.69145699196196,1,0
837.443068169475,1,0.8185908785601179,393.14546801117945,1,0
12309.79299753957,1,0.4736984741545116,365.2994229252308,1,0
4586.894234214299,0,0.41370251757541787,209.960660405604,0,0
2213.390000514016,3,0.6790968306517737,165.77327891736746,0,1
10602.688897780185,0,0.8276910375063297,423.90729937409503,1,0
9619.671278308319,2,0.12002906898995508,453.1696502998576,1,0
13223.344196142269,0,0.45859107724431725,228.68183435721136,1,0
11158.530135156343,2,0.5886250848623579,9.486233602388985,1,1
12150.473490580305,1,0.35485047850079166,397.3028741587029,1,0
4589.501302283944,3,0.7179261776985933,146.10907603378436,1,0
3072.873384805981,3,0.8771816562162191,9.894493183375765,0,0
11383.913898792445,2,0.8547418930002266,403.4693366931804,1,1
12199.103719375327,3,0.3127860315039535,261.1200234643646,0,0
14862.324559009763,2,0.28107062274998884,344.17931943754223,0,0
6482.956315215684,1,0.8659924248169769,457.77146146651637,0,0
5894.262243995356,0,0.46690278994517276,272.8810459183622,0,0
11757.987930758954,2,0.2666381784677534,254.08106592658805,0,0
5441.6513336687585,0,0.6655975709043346,148.87775006739045,0,0
13995.981221251688,1,0.3275362591230333,156.07094804777654,0,0
12946.984901723672,0,0.3137975800568419,399.2883226846747,0,0
6720.413396937766,0,0.8033992344622278,227.26947656503884,1,1
11387.630482976712,4,0.22998332270152277,85.9454732610196,1,1
11440.871674227894,2,0.1515143571729891,51.79173818024532,1,0
1995.2960981210229,0,0.3153491521373498,239.09545784658079,1,0
13587.017146853717,3,0.5855563302705631,235.15273669077658,1,0
7826.159400493929,0,0.19847028272261646,328.46184771167106,1,0
12483.633258562253,1,0.47727573782143506,238.17840148384465,0,0
5140.719214943871,2,0.6018696883402559,76.02047354643629,0,0
13485.086813194906,2,0.7789895940745392,256.3624279752642,1,1
6143.4243416453655,1,0.2838956729618035,453.8607549235824,1,0
657.1459464643262,4,0.7538770587062316,83.92349875200514,1,1
13628.038658079324,1,0.28792500890499084,346.4285472839857,1,0
1823.6568133989365,2,0.6414132329917124,298.9603361579356,0,0
5130.047745061015,3,0.4445388571859641,375.5499347223423,1,0
14275.898522236672,0,0.19174499390293614,79.54713534665841,1,0
14283.803630594564,2,0.671410770257479,471.09464176846734,1,0
8814.849377787648,1,0.2742100948392142,312.37838174474354,1,1
9661.63957646209,1,0.24129874081967317,424.30021315711275,0,0
7002.4600686856365,1,0.3866583428715066,127.07034802171663,0,0
4751.556189621936,1,0.6226321958075868,371.009380251991,0,0
5265.6359078637815,2,0.28719718303250225,391.61019864528987,0,0
10251.517613117057,2,0.2469292310255086,201.73045983160245,0,0
11409.43067684636,1,0.10796290057069147,195.05695917729392,1,0
11977.896134024804,2,0.4773144776813789,330.6091511877459,1,1
11949.463070521031,3,0.4429164554521462,51.2368024713069,1,1
1822.4884942060103,2,0.28709419490990107,369.13395435766694,1,1
7669.094418187431,2,0.14292173120775262,26.228946120508407,0,0
1334.602020241342,3,0.4434046996766695,99.34219905480886,0,0
8468.168793694165,1,0.7305640888573051,333.75115983447677,1,1
6902.192269913967,1,0.6722257050617416,53.670215210522095,0,0
13371.710649995346,2,0.7886359118881362,486.06183528101104,1,1
5588.267682005141,0,0.1076661501705245,434.8561236836408,1,1
2197.471738200285,2,0.8731354534436788,315.01965454133455,0,0
2573.37938976612,0,0.3731298021019587,410.43344055632815,1,0
11541.904159903348,1,0.8923182368735718,444.3521240518361,0,0
9464.161918085785,0,0.3020955684814197,133.44044653805014,1,0
1966.2788037804585,1,0.47722911006259583,425.45873603491316,0,0
1719.5486886674628,1,0.38314214126024293,101.42292290061289,0,0
10664.05240615724,2,0.3846085719954421,209.60442075366362,1,1
1555.0635922808062,1,0.7738256789985727,281.3385174680567,1,0
12416.970859710165,2,0.697135151789871,358.37602672164604,1,0
10740.512293769196,1,0.8937211481840385,19.91995227265138,1,1
1679.5573193075465,2,0.59081174617401,148.80215932520355,1,0
1730.1468542352827,1,0.47060528351560216,306.2169536141432,1,0
14806.273888267044,1,0.1720590903575129,181.89749617881378,1,0
5926.926538463745,1,0.8972491356110854,388.63740253659927,1,0
5874.311132469918,2,0.5412245223458263,327.5678197696045,1,1
12285.593725233788,2,0.6603819757521134,121.0287195932492,1,1
14235.10437206595,0,0.42539390975304914,77.23484489820488,1,0
14797.015425431628,1,0.5381725665433887,316.37826182558996,0,0
11423.983686254653,0,0.8540621855143098,227.98132721385508,0,0
5955.763990198278,4,0.23313555034528222,88.6337353451527,1,1
1710.760392130697,1,0.3338980674642037,166.5552316325968,1,0
11768.630280947833,2,0.22164778222242587,155.00814041770036,1,0
8596.861621169173,1,0.7337727230438198,58.525326307990674,1,1
6651.219134081156,0,0.14963620833746366,275.7199645362879,0,0
13642.138583873671,0,0.16530531988107067,383.0060737867143,0,0
2112.3634934391944,4,0.33879529022989496,289.8561099822286,1,0
7643.064012217457,0,0.5113505447368091,414.0142256439894,1,0
664.6278491275765,1,0.4250198404476693,68.1464308716385,1,0
7295.579308914831,2,0.13585304853664582,220.62786962200082,0,0
1316.3974973866416,0,0.8659932462967612,306.66047631075907,1,0
2222.8597858870426,0,0.862295616286467,339.62077266624414,0,0
2204.130578268021,3,0.3234850585926079,349.4142216795964,1,1
9913.549380682922,1,0.6852204922148653,365.8378864134511,1,1
11317.650749348637,0,0.562860329106579,327.4577570370283,1,0
8958.847093908815,2,0.28998135600449926,51.642904025729486,1,1
14451.501952880857,2,0.3097372413932924,349.1763104131367,1,1
5935.6234030937085,3,0.4929225394483604,363.76741510332187,0,0
4642.825251086981,0,0.4353895531978881,496.77256749514544,1,1
13094.687358747175,0,0.33298346258501144,348.21440616705735,0,0
3742.139658532063,0,0.7460092770441191,344.9810458970167,1,0
14466.726821888864,2,0.48517033410990795,259.8325786400761,1,1
676.2398830023369,1,0.6238784499113023,434.62183974963136,1,0
14563.242987260766,1,0.2514188001343004,498.43320717077336,0,0
1125.8187232833536,1,0.5268061300131894,390.6272107477289,0,0
13421.57514862203,1,0.35438083955729727,308.1876870396152,0,0
8151.6660817513475,1,0.5211308883159026,44.08263933112625,0,0
14897.989543729855,0,0.7246606667287425,364.73587020616566,0,0
1570.0501886632835,0,0.7151305680730093,355.73797644806547,1,0
8530.887123819151,1,0.3833765424274208,388.9062331656687,1,0
14554.886766476935,3,0.6554216936637113,66.65491725774721,1,1
8084.9187404671575,0,0.8530319603154216,328.59758756244105,0,0
9626.280252961307,0,0.6005354639399252,151.38333295107896,0,0
10588.355990276948,1,0.21872809870610974,381.3342654844027,0,0
7090.845439132711,0,0.6437669034232761,123.98510724557578,0,0
9599.59216121892,0,0.18392350907944907,343.56944502610327,0,0
8972.557522884954,1,0.7976883270344217,151.02150875706997,0,0
13566.79115211934,2,0.5133283966415523,9.452174944628414,1,1
1158.9725149511391,0,0.4081125890492636,318.51216642668226,1,0
4573.96624908734,0,0.1456052757197539,61.06819616366657,1,0
14280.966519110101,5,0.40462698767368777,331.349279030166,1,1
13408.824866418287,1,0.8225653343326316,463.17667693668403,0,0
7107.022915392838,0,0.11678639702904255,484.7767374344897,1,0
9491.922668122283,0,0.479718526225444,121.78192822716822,0,0
4522.027153226423,3,0.8449264728884979,405.58034768707415,0,1
3227.756815994539,0,0.41587279981201686,180.00887205185796,0,0
7223.626871629741,2,0.44254054996972036,450.72625101025125,0,1
5623.607306377766,1,0.5628480441592959,394.80733647154005,1,0
8963.013621837645,1,0.47034986686174685,41.591249739653,1,0
1627.15223599228,1,0.23488135299004195,206.53281196925226,1,0
14628.724711159413,2,0.11484443125588834,171.97232387478866,0,0
14800.055794954242,1,0.5878493263829613,393.6646052580221,1,0
10623.344853286304,0,0.8366452696062497,208.09142677331377,1,1
8273.397311989746,2,0.18509130642173252,343.87125683827645,1,0
4988.150436151753,1,0.2687621754022027,303.205451517268,1,0
12300.027785750755,1,0.3961835886599788,487.9411659533287,1,0
10428.60200203125,3,0.7469937832168958,469.20355361679935,1,1
2857.9456205009237,2,0.3154082531767821,216.71125979566577,1,1
13708.444175160716,2,0.8056435234230148,363.1712147623689,0,0
12426.79002238595,4,0.14396629972005315,415.5827465207048,0,0
14272.098742732898,3,0.8527652970071479,449.94844816176186,1,1
11022.93287163122,0,0.548597662299012,38.726460569359425,1,0
9394.520341068954,2,0.6270221427901637,154.52900564038092,1,1
6564.524026213974,1,0.3941516180290825,163.51387027941828,1,0
14024.563008633193,1,0.7255954284088483,220.0507458538399,0,0
13057.92639775592,1,0.23325300006752486,88.78605160413241,1,1
1155.6707165397465,3,0.13912946022278963,250.621910575254,0,0
882.321130210154,0,0.4164135544860458,333.29109201273576,1,0
5958.718819731719,1,0.7829565711848316,251.19514050727526,0,0
12253.023296336576,4,0.7039414693101558,334.56758212281983,1,1
14815.503875066695,1,0.5137247763911664,37.888607749860654,0,0
2681.044921001159,2,0.5577101977322828,438.6137291951681,1,1
9114.895372605959,2,0.20391426103900434,469.8392500900289,1,1
6022.917421149812,1,0.7725452068940658,310.8641749387311,0,0
14563.758768311747,1,0.7295677463713576,441.288544325264,1,1
12710.724385467776,4,0.6251763151095542,70.06577824086516,1,1
12655.766218311499,2,0.4729528290631507,399.73721543777356,0,0
7296.050817027069,2,0.87156741462361,63.978355768934016,1,1
6514.882783896145,2,0.8032255775011768,206.96506459128065,0,0
4464.40254299524,3,0.6155443948116949,165.29017460634614,0,0
1317.4447014384432,2,0.3974407981738304,294.8679534841249,1,1
13038.474455698271,1,0.59441782294521,154.2496949435691,1,0
12287.064632386126,2,0.5603527412245323,320.4702466852307,0,0
14995.906262648894,1,0.4153935902679331,186.85670813021912,0,0
14951.234137571628,2,0.3453391773504609,431.0912386100799,1,0
8553.759731238097,2,0.4256086337898579,318.7725009087077,1,0
11650.317520117402,2,0.5591291248267183,111.57265717411583,0,1
14199.103083295206,2,0.4425078757688755,171.3840639039031,1,0
12819.887164822467,2,0.3108595905611071,424.4733393751946,0,1
4086.547475276366,1,0.708770654208647,196.30747624379194,0,0
7032.889961996356,0,0.5251739967659304,270.22053745499437,1,0
2372.8115196966774,2,0.15414013058047998,326.2262582964047,1,0
14333.739895251474,0,0.39465320450090047,177.1657765450288,0,0
9289.53219953776,0,0.8079307657695949,150.5194222252438,1,0
3815.3206798002093,2,0.7041892249599616,240.25117679097417,0,0
10239.659923884923,1,0.3585974271552057,111.36608118593061,1,0
9462.859486639489,0,0.8505465216356073,145.6842405249364,0,0
5693.359411476187,0,0.16128232668656814,35.72884959585787,1,0
2146.585086894621,1,0.8689877631137511,155.4652866056477,0,0
10237.811336095594,1,0.29656407398774054,163.7485262149668,1,0
8044.461663105003,3,0.10727534424193541,481.10741731420325,1,0
11698.61668016677,2,0.4470464292146614,296.91576860561065,0,0
8042.370766123904,1,0.38717634374960697,394.7543005808238,0,0
12856.631754618831,1,0.531271204165435,27.461740126259613,1,0
8502.64916223004,4,0.7374182884558763,57.7356633361441,0,1
8633.600587263101,2,0.7739446417203577,408.19579562698317,1,1
13211.477238546004,1,0.4209839996893535,313.6570269617297,1,1
6350.501560079757,1,0.44387659496508014,99.53610511740044,1,0
2443.2208125342904,1,0.21854218426357896,205.37372590156042,1,1
917.3488065434151,0,0.13803808710493082,271.64288749090326,1,0
11449.490207267476,3,0.6129719921880198,422.58686542303366,1,1
9494.488494625237,2,0.15155010044215383,34.90393588877462,1,0
10709.156637438742,0,0.6870640955371647,300.3775332368444,1,0
3587.9803418792058,5,0.531272116017798,359.93278118540854,0,1
2477.3863960081617,0,0.2588663825808667,489.0564696656774,1,0
710.897652184288,1,0.5316183548101198,404.5442387546313,1,0
5583.519602695656,3,0.2463981732816791,141.73252021481034,0,1
9053.806459392179,1,0.45098976600832963,356.2417009697412,0,0
6187.538653946119,2,0.7396482529937831,382.8225530388537,1,1
6843.386369344072,2,0.46953543472851,366.21907245960557,1,1
13610.301070159352,1,0.2189594546380386,410.97131363617564,0,0
5549.704271837855,3,0.6790629454583561,452.3463382257506,1,1
7952.847592817257,1,0.24941473301600708,53.72278514972343,0,0
11862.968684746575,2,0.6908398994960876,56.85810955215383,0,1
6249.870343658417,2,0.48348183137266665,399.2179944414698,1,0
9520.257153304166,2,0.46299340727544125,129.9243758781281,1,0
13004.273776827806,0,0.7811480302859798,33.978003865288585,1,0
14268.049043035811,1,0.666882819472535,203.60844458539987,1,0
2632.56547347105,4,0.1263286375639514,410.83907135390865,1,0
13935.520564841669,0,0.3369394516812819,67.64968678792029,0,0
7635.686249653304,1,0.796736528679919,337.5617760432114,1,1
4244.543630334896,0,0.11466093483615891,6.78985157692601,0,0
7157.468465454789,2,0.5362027570095763,59.32003637016272,0,0
14710.472341639417,4,0.6822605353391551,178.67092115540098,1,1
7642.962362896609,3,0.5974848683876607,46.38312910708494,0,1
5266.898349168869,0,0.7084257616835491,423.7213253813709,1,0
9684.312387592523,1,0.6805534791317966,432.7148990570071,0,0
3982.1114722837997,0,0.6536245561224907,379.0074980342645,0,0
1600.0182575756269,1,0.7572318887405217,125.02741754083064,0,0
2368.7559677044137,3,0.6165525347596307,264.00730224379004,1,1
2356.6646648877004,0,0.42193479540558565,96.17332013406885,0,0
2702.589055928268,3,0.4775272879316701,144.23283278618985,1,1
2512.994003416447,2,0.6733798261451605,260.42261962602663,1,1
9792.683799646611,2,0.8010448237334352,368.8318351880949,0,1
3137.2612237876,1,0.31777504067182055,51.85391829485138,1,1
5512.175608196017,2,0.3736614367768566,151.86486532590266,1,1
13503.431943637172,1,0.8445915170899302,463.67756754310153,1,1
7372.443783811649,1,0.5628094339275563,217.41604230203464,0,0
10179.587208554894,6,0.24316945370800083,469.74048858511065,0,1
2998.6381324236327,2,0.6309561111299062,495.74326806830715,0,0
3288.190772725726,1,0.8926097244315038,265.69661392515087,1,1
1092.5949358639436,2,0.7587628515763201,147.58178484350103,1,1
2949.558414546386,0,0.6965929092411222,396.4345202434266,1,0
4539.5599159634,0,0.2664373234130154,83.8588140848824,1,0
3066.6520220128286,2,0.8009118277472058,129.7631955376749,0,0
1786.1867394773064,2,0.5206310748284372,393.5155552021447,1,0
2249.2201309587117,1,0.8114320176575646,219.6547327423548,1,0
7181.292136474523,0,0.3638622635399035,104.76127880889504,1,0
3491.8389168839913,1,0.14964084210834622,327.3072437514006,0,0
5781.912985197094,1,0.4807807749277969,367.71712138393303,1,0
7799.550427395425,0,0.31587008385430215,66.91026352803169,1,0
10510.725015125798,1,0.6721834318210386,142.1052286875924,0,0
1070.0260276959345,0,0.8656852422848259,114.53199390925545,1,0
12091.45078418112,1,0.6527793209212511,193.02804123741382,1,1
9604.555647618163,0,0.8095471437673628,382.9052233101519,1,0
1685.5059632586426,5,0.46241921088096516,358.2855106257905,0,1
13166.89004954827,4,0.7173125897562413,332.94933563993345,0,1
13852.649807711292,3,0.7744347493373628,8.111345204952645,0,0
1385.6304178955243,1,0.668700502066834,75.36094012329276,1,0
4514.725898134454,1,0.5062218288556517,115.53228680552306,1,1
12189.91855699939,0,0.6006928876922945,139.61814378923054,1,0
11349.765510563046,1,0.6604055965431043,77.4811381162055,1,0
3175.5547806674713,3,0.3024675225771415,208.10619797957537,0,0
3535.5651883822993,2,0.7476634087319879,42.214389581942825,1,1
5871.845490475039,0,0.8602596311738187,376.26098424195146,0,0
7525.5832852698095,1,0.47219145214394886,394.92178971157193,1,0
9464.69418718929,3,0.6608537464879018,289.2620113524446,1,1
5849.2477737617,2,0.6896207246322832,49.40391413577408,1,0
7206.753383930644,1,0.6297980380171843,445.5911689256452,1,0
11338.32860293947,2,0.5376920866629085,482.98973521051664,0,0
1031.9064419136694,1,0.8053183636598485,105.16996235928573,1,0
4160.335692988301,2,0.4591413674151156,353.7967106231563,1,0
10843.56899532601,2,0.14888236518928288,421.75962216803043,1,0
13480.49914646439,0,0.7756451005697282,272.2225436586376,1,0
7919.322910677159,2,0.6391850178532406,165.0449342657407,0,0
8215.645536347078,1,0.7794069011997172,241.88656396477455,0,0
2053.994164426753,1,0.21083795395575544,258.57303163830375,0,0
6987.4793189400925,2,0.12460235240777306,203.31533687307382,0,0
8222.950363597836,1,0.8474996323060011,465.27203434868454,1,0
4015.82230270358,1,0.21818264468045945,373.2221399165385,0,0
4404.026848766024,0,0.7477218656563615,124.44431291620717,1,0
5970.620365017028,1,0.7585679537445087,294.8508077233349,0,0
791.0323677770323,2,0.6669641604392024,345.9011297109279,1,1
5170.147900956085,1,0.20500976887429678,74.37742874255449,1,0
3565.996101449897,3,0.633918899648646,182.42074247817365,0,1
5248.711606579763,2,0.8112692666614926,453.2463993939384,1,1
2236.5509113791427,0,0.44042531584070665,285.75068459167477,1,0
13412.645570728477,0,0.43081348350287907,112.41388429985685,0,0
9107.090576533705,2,0.4542866476635353,65.77847506897963,1,1
10346.983627595098,3,0.16581751254096516,261.52231227006445,0,0
11942.982959806404,0,0.8136204552239787,276.10443289942634,0,0
7727.41188447133,2,0.7953462911844084,170.5351534205331,1,1
1760.3441772676435,2,0.898327457432229,317.0559340674636,0,0
8288.044856368942,2,0.5681465131987308,38.99891967859742,1,1
9009.196211302748,0,0.7009533091611087,76.84414816673961,0,0
11308.872375672785,2,0.26213752504584376,275.4055414005733,0,0
6759.063420330352,2,0.6340230545793356,35.59876845300471,1,0
2349.9143905356746,0,0.6197862790059125,441.0498386705948,1,0
4614.750634081505,0,0.82096698867329,75.36245337597582,1,0
5764.693297780209,1,0.7646341782712593,338.59033767184553,0,0
9865.799999308218,1,0.8507731700942105,198.64570364864048,1,0
8776.285417699222,1,0.795066778161286,202.894935033413,1,0
5663.402525518771,1,0.7949551159190816,383.6203166625162,1,0
14804.471107498206,2,0.15097866135097462,252.2337564155924,1,1
9283.734880674863,3,0.7767695621567647,364.19945450371387,1,1
3939.78848017192,1,0.5859827156024945,255.06965823262078,0,1
1975.8458529958543,3,0.40435556141276896,298.4881439956054,0,0
2716.4575181728146,2,0.14521169951044988,381.55374079548375,0,0
4066.387061575368,3,0.6421390198144373,305.6178277460313,1,1
2829.8799122635573,2,0.362561400430094,309.7294791474504,0,0
3205.2218487439336,4,0.4742210119888278,395.66369775665925,1,0
4633.879946060783,2,0.6453827496441075,474.79797383058974,0,0
3013.917131773945,1,0.8294196376193143,191.4744961979917,1,1
13503.098657083165,1,0.7603495324839987,290.67299282684587,0,0
1663.3893120938121,0,0.46047770328287985,47.705213078105075,1,1
8105.415148768693,1,0.4102265259571032,182.60792088158914,0,0
6450.753991350092,1,0.291823791075238,208.96436681524605,1,0
14744.489945174793,3,0.39794140094077457,418.44247182790525,1,0
2124.564081436759,1,0.18883710983351865,259.12923905221004,1,0
6268.906186163254,0,0.8768844066918037,366.8778547827366,0,0
14557.321282492849,2,0.5591339551676632,14.408663012707324,0,0
13049.853325462715,0,0.20224467423617032,234.9238714660162,1,0
12347.545028764558,0,0.3822448074127246,451.1522442559742,0,0
4239.590992151628,2,0.5376313148965248,116.03538510636362,0,0
2977.8700171559544,2,0.5263085093126957,20.6034817270209,1,0
10195.32668890425,1,0.1284026949749059,219.53732318817083,0,0
13975.951842349994,1,0.8606728273832891,353.6937512205597,0,0
8573.061948701983,0,0.3203005451799557,229.95943588652742,1,0
8788.383997313547,1,0.11294773514551296,232.68926518807658,0,0
4559.69685807412,1,0.161155207160226,336.5534954129682,0,0
11657.647531283084,1,0.5641559225983815,130.92246010010925,1,1
3212.134354084089,4,0.2102284165400775,377.18544686277886,0,0
5193.348927861533,2,0.13337983428280265,80.79119779833805,1,0
6668.828359938043,2,0.40370117313016907,200.89654961656393,0,0
7860.350490924598,1,0.5982089538721509,329.7240136931044,1,0
4014.9411200186632,5,0.1894718438732899,415.04265857894785,1,1
2165.133958718451,1,0.3506622657210524,396.80788022670237,1,0
9353.990615403673,3,0.4342085372996338,362.2343716573104,0,0
4685.143021983708,1,0.22756807822941374,182.75270985051358,0,0
8927.954210627879,2,0.5048591187733681,65.5406365653933,1,0
2738.2593714759337,2,0.16817126952141673,112.33293775803035,0,0
7476.531476894854,0,0.13721479707605494,433.0927382153601,1,0
8222.546771997995,1,0.5158682937241078,429.37902821566644,1,1
1251.4412839251902,3,0.2983175782007005,476.0226220068128,1,1
5380.762033811849,2,0.17629904631842203,42.61438268829309,0,0
2449.012815615127,2,0.43913006999010584,270.7204972123408,0,0
1418.9370718551322,2,0.8321125916139158,326.0981072275956,1,1
14854.423369654205,0,0.6793539573233239,356.77540164809403,1,0
5174.130752133483,4,0.7524927322776221,323.712301330163,1,1
12243.179464892206,0,0.7975311910069092,386.1556380016296,1,1
4192.2894940745755,2,0.8781021931171352,182.93843026322406,1,1
10381.789472246974,1,0.7105972588113384,93.81922220706366,1,0
11523.303968400454,0,0.5867263375515838,106.26876921446707,0,0
9136.761738813742,0,0.3923407042417978,10.929451287731347,1,0
7337.854733977297,2,0.2453145892461729,178.40932669258007,1,1
6471.693255135394,2,0.6493278991866355,50.413305185588754,0,0
5558.589864873432,0,0.8959599888975535,164.13690293114448,1,0
13978.172591593475,0,0.4738869476951353,315.9639881972926,0,0
12543.981412922072,2,0.6789434944742461,447.76663751547585,1,0
14492.890204664433,2,0.49607395999452497,420.60469824030565,0,0
2302.3097405403987,1,0.4455467386907813,130.07373491900057,0,0
11097.578390452842,2,0.42824449084793215,71.37115538803324,1,1
14105.936623905049,1,0.5036997463453581,100.570775529382,1,1
3127.8794594020724,3,0.3935165294923001,485.63839269228544,1,1
1464.1958768182735,1,0.6990186574574462,276.98986744431795,0,0
11246.249414705857,1,0.7994176212732133,95.33860038528455,1,0
8829.860141108722,6,0.8063082453161473,421.16934656997347,0,1
12706.517262994945,1,0.28215897074066076,200.61966593471467,0,0
2526.699461081198,1,0.8167273109851927,450.11496522749,0,0
12031.376021968408,2,0.373240985484084,134.03517778307082,0,0
3423.5961406922956,0,0.3474461323882381,199.6447706080969,1,0
2873.0111715527155,1,0.6814048459185887,254.94914258109188,1,0
2881.854069999398,0,0.34375707206903156,446.84459037407066,0,0
12311.33344335504,0,0.1423731244877681,435.0349286445026,1,0
10145.359700094901,1,0.3988942178482464,289.30575980041954,0,0
8084.44865915223,3,0.6771724802866792,114.77887734154088,1,1
5703.042019790786,2,0.3615667362161412,204.66170101024818,1,0
13219.40784179007,0,0.6036472447961172,487.9383673559252,0,0
6190.454057628213,2,0.6280955554105043,305.847745819314,1,1
12340.691872337868,1,0.686988809381085,391.6433887864774,0,0
6867.456174268167,3,0.8177043730487491,227.68302420390276,1,1
5965.6942266611595,2,0.44605159941474515,268.34360135606914,0,0
7208.856892209294,1,0.23314566132996567,217.33228555510934,1,1
4869.97917538006,0,0.35514057234551155,352.94589404067415,1,0
11340.336012555641,3,0.4457338041391887,426.4781518740043,0,1
7789.445656340948,3,0.6711131754624905,256.144953896159,0,1
3867.0840796288508,2,0.1104977004493068,243.02939202493172,1,0
13543.831312481243,2,0.35262830675190315,173.4418012137065,0,0
6066.422709911565,0,0.7238740648154535,92.66286367557149,0,0
8381.516486152836,0,0.6366861626645564,469.92762282317887,1,0
13643.84560898593,1,0.6853919788684841,161.45946074635498,1,0
9551.450940752886,1,0.7494486155513558,401.3422744692713,0,0
2195.021590271279,1,0.7265885751023698,359.0967755372997,0,0
14127.56579239539,1,0.6457465329222225,396.5042121376739,1,0
9601.76676953556,2,0.45172922589647246,468.70022601919067,0,0
5356.131412527749,1,0.8868786631025232,313.5685263093441,1,1
2519.4450536191152,2,0.555258556472059,449.48541997411206,1,0
12013.365244419292,0,0.26221536749507135,88.01017484158537,1,0
9491.054960963445,2,0.3342502840838275,315.2227250986099,0,1
8235.185833656662,1,0.6548499647763759,387.2764283927333,0,0
13461.442454238886,1,0.8397916521595709,139.46235971836617,0,1
11934.659562755696,3,0.24297610336471803,371.6731316395227,1,1
2699.285756124892,1,0.16587719659662908,390.34603041253723,1,0
5019.969983035449,2,0.8052248384336049,416.43803822814016,0,0
4103.092527309753,0,0.8322223831302675,159.87704173498673,1,0
11287.221242303816,1,0.3211034762527196,342.39526213331305,1,0
986.2203036688011,1,0.4018285794969919,155.60537528783223,0,0
8763.40043063409,1,0.6281503979982868,370.8249918117354,0,1
11555.650943240013,2,0.3639440166739799,234.17196424712756,0,0
13213.101733045367,1,0.8017269666160424,300.7844653909739,1,0
5460.185356380658,2,0.1860629621710902,210.8407908081316,1,1
12408.230917744186,2,0.1303857767681562,85.18154883026303,1,1
2104.1601858505046,2,0.2667889653942316,93.12461715465501,0,0
12773.558230150515,1,0.32887022256397525,43.39660909475658,0,0
2348.5856038137454,1,0.19034127303110004,310.9459764622226,1,0
6260.665713125325,0,0.1525523434725174,425.07600698676436,1,0
12060.782803803528,1,0.7044861708014386,15.314228999730068,1,0
2673.80269655722,0,0.23142125272180591,37.788553533734984,1,0
3824.1452308733014,1,0.8311377592530432,231.4461611899406,1,1
10972.662241699461,2,0.3943997291584769,370.17176440325375,0,0
10940.529779918079,1,0.6364846477770764,83.0652841324159,1,1
9796.64067683681,0,0.2803216918150402,139.46740317685095,1,0
10562.25244477295,1,0.29225821479349345,119.84306963449454,0,0
8369.504428540145,2,0.5597673622940603,202.53035324222128,1,1
4151.086354150815,2,0.5485143401167889,116.37434512369772,0,1
5512.591905806832,0,0.7149833824096651,179.53634587965274,1,1
3133.166893620672,2,0.7062506445554128,365.62858633766234,1,0
13672.533139337611,2,0.6365502117309288,307.44957798482363,1,0
8959.181024108746,1,0.4593044527147928,45.18494416888798,1,0
6312.345543072778,0,0.8125123090244938,320.68410479163026,0,0
7199.084152839924,1,0.5980627921770391,241.15319992181068,1,0
14235.608424371323,2,0.8921587923698858,467.6099594800337,0,0
2723.595345183163,2,0.7554958543474869,148.20563696650635,1,0
9000.33256424356,3,0.13544784899066098,364.45237775108416,0,0
7835.385843824757,2,0.3564751256642542,366.7761074070621,1,0
9366.086413802394,1,0.5575005731767614,114.64288659954774,0,0
762.5976654021874,0,0.6771756302971897,452.0956943606134,0,0
13145.796679690196,2,0.5402691982095532,248.13568421265353,0,0
14015.71509601238,0,0.7289043379697454,341.0472666102047,1,0
8694.43116204353,2,0.32612452220587573,77.19850164733475,0,0
10601.436946214937,4,0.24712964098626006,132.6129389110248,0,0
13876.241027070788,2,0.1431333470318161,295.12302337892527,0,0
10754.96019754428,0,0.5586509956572177,162.918497844808,0,0
2711.8161222567896,2,0.6508796165403962,252.34799469263186,0,0
8856.18122241879,1,0.36091977369548933,190.13257368977818,1,0
9297.36817255141,1,0.5908673478847013,322.07412933880374,0,0
6649.894733884597,2,0.1417257846826634,246.1369545765004,1,0
11178.44141655848,3,0.17943467703744292,7.281918306718243,0,0
14048.321714150716,0,0.6614038178067987,326.59201478296507,1,1
13920.743437148256,4,0.394455764173839,213.95017073983996,1,1
7037.170885359916,1,0.6370672248824045,174.1406785426603,0,0
2141.9516646909515,0,0.7653768962239345,51.60264238019566,0,0
14780.197384953852,0,0.7820979499808935,114.08299683041328,0,1
12664.022253466044,2,0.23773411637156078,115.76728433252245,0,0
2307.608877447369,0,0.4890284578810772,468.0079022053409,1,0
13852.207297951898,4,0.6871413789059891,219.09392249954067,1,1
13113.49724990086,1,0.7191844770135284,25.82259437150917,1,1
8023.151828328046,0,0.7277407845831021,73.71425771044385,0,0
9073.493818301475,3,0.2825338675044676,44.12117448779147,0,0
6285.539206116889,1,0.2540278541790187,296.4903481525696,0,0
1294.0437629194544,1,0.5720099746189568,97.37763832557923,1,0
5360.360003865563,1,0.6928686381905758,251.7860319394791,1,1
12141.375004671167,1,0.35531161242735465,188.1807211206379,0,0
567.1643335667414,2,0.18376412548993726,402.9188066863787,1,0
5335.737989521591,0,0.673397106328062,163.64237044635433,0,0
6273.446057068678,2,0.33975826510400364,231.8414137864201,1,0
8292.236242599882,4,0.2330901794493775,362.0363465559238,0,0
13837.906437985026,0,0.21817882271770533,219.50884743066646,1,0
5522.016918306438,2,0.35192763802137306,397.6416903265286,0,0
5530.821427495302,1,0.5741424527309964,332.5337563371491,1,0
11193.768097591352,2,0.3867217909550533,208.2119114036244,0,0
7057.160142902204,1,0.11652948127474527,254.47105321474953,0,0
3756.7699326297384,2,0.17752674774224886,483.7657106418858,0,0
7060.372983924054,2,0.33240259775889525,332.4976907716542,1,0
2542.426795507098,0,0.6277635857176735,452.9726368563008,1,0
3057.611304340238,3,0.1788120587748271,93.48545921817686,0,0
7726.332704722457,0,0.5485254828005455,244.2018973413502,1,1
6574.419017815944,3,0.1959086966592034,454.78752657330006,1,0
13765.26556548745,2,0.26929226187950517,164.69297041350174,0,0
5754.7115371911805,1,0.2377508220446102,483.9937780824783,0,0
8918.53107903163,5,0.1537829084566484,53.05335778446043,1,1
9667.832174833191,0,0.6370638539092722,451.8222292861432,1,0
689.8696205308377,1,0.47072283790882763,225.38000042260006,0,0
10121.291894242304,1,0.7648427527178706,41.50336174487453,0,0
3081.521519611396,0,0.17911267198585357,440.36318833011325,0,0
14435.519603307099,1,0.21578634667045782,129.71040514251115,1,0
2655.609552420138,1,0.3451661850803605,16.01381212013648,0,0
6512.0497940418445,1,0.7126927895510465,72.22451725675018,1,0
1737.570187140336,2,0.3446070585245591,331.261797240382,0,0
14954.676651766236,2,0.4267349659989541,489.0166871234064,0,0
7781.827649803017,1,0.34128285303773165,60.17375909384082,0,0
9133.082751140635,1,0.16417943344082397,233.66428382175718,1,0
1472.6089221321986,2,0.85154689831695,94.41509271902859,0,1
11374.426820788078,0,0.5388311936569511,373.79308438028806,1,0
3543.6310998859935,0,0.7302665505483974,63.43915538209801,0,0
13521.78719689035,2,0.6266856737482368,123.72166549804034,1,0
3474.524786989104,1,0.5114034232495801,102.22095398629033,0,0
3264.971949623165,1,0.1717426053275041,278.49729128165404,1,0
1029.9701837973757,1,0.6141868362162435,437.226125540313,1,1
7344.970704094989,0,0.22429628474946572,257.9896495724272,0,0
8690.196432307937,0,0.43150653548502127,33.830509121878265,0,0
1452.7752717111093,2,0.6032905147843443,283.8775206454315,1,0
11745.150442077653,0,0.7257832003776987,399.7728946624146,0,0
7072.688103846401,0,0.6480361405668956,70.41731766563974,1,1
8103.65890524991,1,0.637226823243703,40.9920511005729,0,0
6891.059830604308,3,0.219233767340166,97.96484989099669,1,1
6311.064382692227,0,0.3769028320572704,374.3127297967056,1,0
8614.78480396916,3,0.13432981812815534,297.8818076683408,0,0
2750.9835659953314,3,0.6755815145411717,272.5943537110657,1,1
3137.9578921814314,2,0.8620687850539354,128.49254784272534,1,1
12995.891504696001,1,0.31128831214326064,169.45711464719543,0,0
14218.674200937674,1,0.17015736732984746,483.11308140695445,0,0
5912.9850860564175,2,0.48045606140292285,124.10948723104592,1,0
4425.7977605815295,1,0.785358578502055,451.3144845112688,0,0
9837.99337696573,3,0.5415793562174238,292.3630947065796,1,0
6426.645480922398,1,0.13742172015209064,66.03175085376766,1,0
868.1021570750005,1,0.8794177924223568,236.31962718675865,0,0
2764.21266180976,1,0.7629199279700806,474.53161509363355,1,1
10881.597318287264,3,0.20527526164120813,212.1899710779925,0,0
10054.397157697194,2,0.8374382052028072,432.3763495707343,1,0
892.8918913005107,0,0.46055063088415094,131.9322038525953,0,0
3718.596348027767,3,0.397518392459953,287.60646514118463,1,1
3850.5845505270354,2,0.4688426644217506,422.706768809977,1,0
10242.444782181563,2,0.7676575654967578,460.74077837899927,1,0
785.8027974382803,3,0.6275837426294286,245.48256673989385,0,1
2009.5744387763207,2,0.14739876191978205,321.6456105619874,0,1
12098.783237911246,1,0.8660834968929367,6.475164737253819,0,1
3088.8975997878374,3,0.21822730678265423,130.34553721912786,0,1
9964.818563852183,3,0.6964543613882809,142.96249135473815,0,0
3953.6503251775343,1,0.6089092243425048,51.27904076894325,1,1
1941.9001950105048,3,0.2500224383572487,143.44903161170345,1,1
4025.9967694920842,2,0.23658566089043973,163.95540636377888,0,0
10972.870511907058,2,0.7962620749637537,484.5391895862557,0,0
12907.598787541143,2,0.4357559387996778,335.9581783776146,1,0
12538.188036221378,2,0.6236612113393109,215.8725143110904,1,1
6259.161179467595,4,0.5032568030853386,494.0869580442771,1,0
10187.23448027437,1,0.6818828136607676,80.84999851613254,0,1
3472.272283529404,1,0.48339390003146443,240.64534099558986,1,0
4750.6420887846925,1,0.3299039322044547,325.29579248927945,1,0
13496.869368556236,2,0.39070669679719716,32.512414069618124,0,0
688.5278909056725,0,0.7872621555602741,359.9144347511438,1,1
1739.8736973897871,1,0.47442775433818163,54.434339696384995,1,1
3514.350699617396,0,0.27075946579568744,74.43974275684009,0,0
884.7169561703859,4,0.8476843104618026,84.04630866873161,1,1
3130.813808802061,2,0.7372803651987015,464.8004641944813,1,1
8954.102634060537,4,0.1445329168449593,343.201594843393,1,1
6610.65598359122,2,0.8991543695844143,329.43661304603654,1,1
13443.739810616134,1,0.6559413571520818,279.9692807501711,0,0
12352.931645207393,1,0.22821327923246956,149.9389693540759,1,0
5456.351599619202,3,0.2897341450388772,312.34040377667895,1,0
4261.639784753741,3,0.6539563849932375,208.0241113448767,1,1
6005.53991842537,1,0.7238088442232976,76.98099429584437,0,0
9059.276666464712,0,0.2912287545198449,346.35065871222787,0,0
4386.922791931705,2,0.30557508311941667,69.14317312531175,1,0
9550.159163812443,3,0.3456965558976487,99.38094760548076,1,1
6436.4689567729865,2,0.5784146918693094,409.76115936456495,1,1
8504.684122353712,0,0.23745294264102157,331.75796258195123,0,0
6823.834672462092,0,0.183394559107822,317.340621335753,0,0
4769.753513357806,2,0.6430912712684108,212.01037824964843,0,1
14252.572950951271,0,0.7232783518345361,201.1588565284887,1,0
11572.284015316533,1,0.5007435235332044,346.6799915467736,1,1
2531.641048613562,1,0.3910661682147083,371.30274161147764,1,0
13092.785650519736,0,0.4456341708211812,257.5555351703337,0,0
7567.752374617948,1,0.41072626709756155,484.7882759525205,0,0
13471.007289964326,1,0.8679879265901402,478.0712816648416,1,1
12097.90121123607,2,0.7144719241753122,209.15259755631553,1,0
6665.595814803885,2,0.26646977188008825,411.20801587016103,1,0
825.8049706417023,0,0.4073513216431841,273.9175815912156,0,0
4395.821711081719,3,0.5352098330904879,258.31916434080136,1,0
8353.69611258257,0,0.5903886896509508,32.20721038243266,0,0
9685.434187479135,1,0.47454711682301365,289.11748168181356,1,1
4239.3714387814325,2,0.7481013080095673,450.78607562876647,1,1
2520.66307405595,3,0.7140848155665854,391.1662553515706,1,1
12606.488433589837,0,0.5041263349025334,394.2269866261347,1,0
14773.831620201505,1,0.7835435094253843,84.16487409528791,0,0
8122.507643388944,1,0.7008716243539087,182.432476331114,0,0
2989.3496448004007,1,0.7228654789765147,120.43643374186672,1,0
4448.4562345308495,1,0.8651206235467334,161.3780648155398,0,0
766.6648099382676,1,0.31317355296736216,291.87197502939404,0,0
13757.332695127236,1,0.3141185298934793,185.56798761827272,1,0
2207.3907019070466,3,0.8111618045525121,282.5454196448117,1,1
8859.488894956676,0,0.7177810987085436,222.05811789591564,1,1
4473.800699964488,2,0.8412364331485019,146.87470143261518,0,0
8535.581036479005,1,0.15050412825956247,52.224699931553516,1,0
9945.59563110203,1,0.6022056618092773,446.4600363856674,0,0
12531.256153754424,3,0.21570267049875796,10.62981617230109,0,0
3493.1084405287465,2,0.5031177586340662,5.817981630275726,0,0
659.439515547967,0,0.2245975454827554,414.26488118295526,0,0
2484.8416359977055,0,0.20246280718790344,498.42141546126606,1,1
13550.270306797524,0,0.10973467630562653,364.9158997182598,1,0
13171.40612465647,1,0.6041910499063234,12.560549841127944,1,0
9162.48998146947,1,0.3872180933520689,117.2116622009141,1,0
9207.494476287973,3,0.18415062790317738,486.0522366296708,0,1
10143.031780920704,1,0.3582702221850479,405.2591048260482,0,0
3042.883540040019,1,0.23515527316126797,285.56592268333196,1,0
13758.973215911918,2,0.8533558652013276,122.24605117297769,1,0
6572.17261093506,2,0.3560039086090785,12.113251933740745,1,1
6055.508659617713,1,0.3671628186315119,15.326428955517459,0,0
8024.306726601144,3,0.7718864027196685,307.93052744746217,1,1
1181.0065182382982,0,0.6182046090288034,15.806778794449444,0,0
2911.1088469631513,2,0.6681372859224011,496.84692025305947,0,0
11201.487438182372,3,0.6088014431911685,95.77499757940036,0,0
1700.5806849143337,3,0.8569570271588524,356.80014412529226,0,0
9245.70558726263,2,0.2656006652464361,81.75456209914465,0,0
4057.5620903791537,2,0.8912313934046366,272.3462434433687,0,1
6144.78640360866,3,0.7647649420452106,44.902587790777694,1,1
4686.059183175148,1,0.5711780711010738,384.5553201439554,1,0
5657.254388741762,0,0.6298972995169991,294.53594188879066,1,1
10926.16562517156,1,0.6190607012004913,47.65251323370044,1,0
4808.264876536038,1,0.14671697924732313,425.05016365400274,1,1
8712.86728430501,1,0.27441319882555093,275.7742143144675,0,0
7402.730831886945,3,0.8691767076197994,461.1881934565924,1,1
10123.231897758398,0,0.5274915430875035,458.7285699706658,1,0
14084.031220208992,2,0.40268288260952967,460.6513557958583,1,0
11122.29540954863,1,0.70963077071126,43.503674099231645,0,0
3616.635489565973,2,0.5196151541246476,64.8740920684891,1,1
952.1554583886277,0,0.11053021714551808,493.914375809518,0,0
4302.828642347464,0,0.6889900773720943,246.36240659235946,0,0
9128.629995153695,2,0.685774048042289,122.91595615042809,0,1
1245.67429552163,0,0.23211896968797952,385.9839218068357,0,0
7697.310584417927,2,0.8653280707393707,135.8211845001786,0,0
9154.221309294893,1,0.2791265052328915,364.97176556922795,1,0
5346.536416845932,2,0.46619949390575943,419.4564600356317,0,0
11678.226954314418,2,0.19178876900873176,393.2103717611639,0,0
2045.6746704396912,1,0.5826258555604708,140.65366505797803,0,0
1589.497835169227,2,0.40036089604576997,203.80119416922236,1,1
11058.736964952248,0,0.38253876976776435,209.5592466004718,1,0
7684.624084989878,0,0.7615815017767579,248.18009446171357,0,0
10481.834748202173,1,0.1076493702803826,87.84956151236734,0,0
6804.996409754321,2,0.7383574167139381,228.97267495509948,1,1
4072.8294819670487,1,0.557158852598463,257.8375803051624,1,0
12376.983606275897,0,0.8888788107841593,268.1959533076209,0,0
12091.530245050199,1,0.5715545764833992,410.85071284230685,0,0
10573.098827389189,1,0.14430330731836635,261.0805767473501,1,0
4446.104489834459,1,0.14051626115498106,119.23804164426922,0,0
9058.344669601764,0,0.8065223890974655,333.24872543087264,1,1
5734.121505630388,0,0.7729713164088425,399.67050132287943,0,0
1827.940063236195,1,0.37671206046561856,163.08897488693958,0,0
13801.046844202521,1,0.5944259873449098,324.4264348637146,1,1
2483.8701483249406,0,0.4916730856444803,77.73430799327626,1,0
14278.441630401636,1,0.8737312441088417,174.25352076614172,0,0
6967.083707890358,0,0.8599687207015133,455.0658451270689,1,0
3184.427468159985,1,0.8870712068326196,456.09754076547256,1,1
8357.563736986194,2,0.7931590245074114,289.7856664778165,0,0
13157.71462020792,1,0.827641272620081,352.66397312822784,1,0
11117.260852938638,2,0.27382302301370914,427.73763052694096,0,0
12195.136643991022,4,0.7648054311918197,479.4838267297502,0,1
10052.358817305401,1,0.6670856905634197,247.49378794343588,0,0
10538.010185508861,1,0.8702292070624561,282.979989629887,1,1
12813.33694769713,2,0.5570094627540956,210.74257549067596,1,1
4120.1861284581955,2,0.1681337333684451,40.63105884293223,0,0
7596.661972825537,1,0.5779191129497224,214.28771886216512,0,0
3707.536906384232,1,0.6492647424170302,396.3605329946232,1,1
14821.186115951381,2,0.2762568229699427,403.41832150580666,1,1
14188.860425455892,2,0.41529070681018276,446.72667172368335,1,0
1071.6887648433355,2,0.578802731241344,30.47601906210469,0,0
10730.840001477483,0,0.3992845898532045,265.94152184241375,1,1
13916.100602527154,1,0.3999581737909311,58.17512152885275,0,0
3118.342504346336,2,0.20646931133823793,104.36738066704295,1,1
8735.205843013127,3,0.8525973784621329,450.6071686784002,0,0
13774.580315026607,1,0.7003955075960773,250.91167292269944,0,0
992.2166894940832,2,0.10099475109288161,380.47973584382373,1,0
10612.59387507918,0,0.7124906272177322,36.87013243469701,1,0
4811.560606901986,1,0.691835994126287,211.32911944280173,1,0
13903.74483295969,3,0.1077847681244184,338.74893892884717,1,0
14580.344554897832,0,0.3956834380910117,71.03620823271558,0,0
14191.864092144791,2,0.5853981522604246,166.27985015731318,1,0
7376.106141533225,1,0.46220052148642876,36.9511634868222,1,0
12999.618439345044,3,0.7223888949764058,327.41327073040765,1,1
12745.96627875852,0,0.44036666610754727,485.5911732337687,1,0
5126.956862027207,2,0.22309037556306965,414.3875181157007,1,1
12519.274375184821,1,0.8811324994190629,487.438442819745,1,1
1036.610703374643,0,0.2936319942208373,423.5743735737063,1,0
9145.91323798977,1,0.6741538484330658,428.3219240675044,1,0
3835.1281406716944,2,0.21452504933125757,290.7027117088146,0,0
2248.219843770543,2,0.3632100910271462,261.5348941495389,1,0
1615.8214236235328,1,0.453622086744339,206.09586188177465,1,1
10596.187250233026,0,0.25378560362165115,409.95697304771056,1,1
5428.186974636959,0,0.4599676610948876,95.12346807762218,1,0
11009.118187167041,1,0.2257302583934,32.83133333297563,0,0
1447.6669415846643,3,0.5472052311887121,474.20744222891415,0,1
5071.70989854385,1,0.6309706020161552,6.870201675721144,1,0
8322.62373944239,0,0.1499474272224086,488.53051432854664,0,0
11965.485890164971,0,0.7969056968657345,365.7824180875141,1,0
5121.911292515014,2,0.24811270803362842,167.60696525042468,1,0
9575.424958336633,0,0.2802899402562591,350.4208223277236,0,0
13346.677349424714,1,0.6290798720664503,409.848202806638,0,0
9430.016228643417,4,0.4750008483475313,126.45421771328577,1,1
3877.9123839276895,2,0.4995164793368526,386.59336322339306,0,0
853.8113325698014,0,0.20252398765050617,403.16296437907886,1,0
13116.433671563484,2,0.7445886575011266,128.43054191204598,1,1
808.4064573306134,2,0.593643396883368,25.753545417101847,0,0
13183.174253920892,4,0.20830563464756482,106.04053085625834,0,0
8169.588443394574,1,0.3991994936204768,104.31997240025025,1,0
14116.481628436995,1,0.7483279461880241,37.29402481686418,0,0
12082.356918718147,0,0.5546840367892966,364.37365540432194,1,0
14970.044602733393,1,0.18691902330634438,193.08758760691205,1,0
5585.321324049797,0,0.3982216366314294,442.7711528896599,1,0
11624.23018950134,4,0.2941555187645877,129.82469730426703,0,1
6327.9982473340115,1,0.5139724429229812,229.34992172446405,1,0
7458.1964944066785,0,0.7746889030975916,321.3136273187476,1,0
9598.829216666367,2,0.4490137078435359,439.3451500875301,1,0
13168.318155701912,2,0.4466736242946585,264.6874453015905,1,0
14769.21030338978,0,0.8242807218616296,189.8946907671295,1,1
11639.964501035514,3,0.5609483300058179,434.1724638436444,0,0
6557.61834142634,1,0.5529528699179255,158.5719802203672,1,0
6609.676533017518,0,0.3095279135003115,44.31473131812534,1,0
11194.943373038926,2,0.5861781982697011,225.2958432175688,1,1
3962.268613640384,0,0.5607283739339172,393.621186716506,0,0
2101.8746404052226,2,0.41748117627349124,20.236511717993928,0,0
5642.02128579126,1,0.8925564527193445,295.0117112698481,1,1
4664.965378984185,1,0.8055127719584694,299.25970402098187,0,0
4796.4677466118565,0,0.6996690320614525,464.6281728965539,0,0
3887.312390223694,1,0.5298764707304005,146.8000844867858,1,0
1110.3512497272473,2,0.46964784151570427,143.0241235392946,1,0
759.1720536345002,1,0.24791791617855952,223.03940741314068,0,0
14821.974651172457,4,0.344589979211699,181.6728762284,1,1
6702.710439170004,0,0.7191686398585682,369.49120203121674,1,0
6072.736383815384,3,0.4629991631500412,322.667278180117,1,1
10354.885599049512,3,0.8058156132556011,380.6659137636018,1,1
3664.6813740434304,1,0.21832890907642302,410.92068664335113,0,0
14274.437167278267,2,0.5066776768109092,461.8756607034031,1,1
11902.002709025504,1,0.617572547217047,218.31368223340058,0,0
1796.459533527763,0,0.5134787650463408,492.425207788417,0,0
6554.921248881461,0,0.8113815132679897,111.7521026348081,1,0
13247.215459651388,1,0.8916506254633119,358.61075516392765,0,0
14198.614323225449,1,0.1926677266730958,269.3346120670587,1,0
7277.321913123111,0,0.2039639232615368,409.3657943690173,0,0
9394.465143555262,2,0.20425929084809688,241.00140770018086,0,0
2921.992218335091,1,0.644941676856422,393.0496245044035,1,0
14871.94507898616,0,0.3981408763966704,465.43351375060064,1,0
3859.2396700599293,0,0.6866517290127249,367.4856617393432,0,0
14169.610724959322,0,0.424377178309583,389.16667167807054,1,0
9919.876410389343,4,0.6020853770656509,38.25183847659878,0,1
9312.183525743458,2,0.7158864045431148,106.45404280497891,0,0
7933.983409739374,3,0.5385727285239365,487.28035154927886,0,0
3844.712269907501,1,0.5316028723600049,348.12756687476025,0,0
3059.6564640798697,2,0.17058746022850757,282.9172635689473,0,0
3697.0500315175427,3,0.42862539432754787,186.6533048312428,1,0
3203.3548010916907,3,0.5366217225799501,26.972555597424368,1,1
11803.974866717923,0,0.469584660533128,187.72227444224683,0,0
5576.816257917586,0,0.8206256001507404,251.96187227834008,1,1
1338.7188101692473,3,0.8252245056955915,109.67245714650893,0,1
14551.988137041764,0,0.7575339044710094,90.7027116805471,0,1
13314.895331969672,2,0.40023846029849597,256.66619292197083,0,1
13952.408106330588,2,0.6738393213500274,295.0225966356342,0,0
14926.163428373311,2,0.4162307688556879,123.7593698329898,1,1
3021.4811136825656,3,0.28607487918060726,295.7577898558255,0,0
6245.509274088552,1,0.3743221148407053,450.668282117776,1,0
11494.457897709324,3,0.1567717066284284,239.22076272057012,1,1
10592.298961779987,0,0.36542200720371776,429.4081339456548,1,0
2731.490641927898,0,0.4685937738089373,463.9993650439926,1,0
12329.580312363958,3,0.864384715824664,50.73504432385742,0,0
3754.3882916315797,0,0.3507284689757,52.42673193011451,0,0
3745.355414928035,1,0.8219628313644165,240.6418705293627,1,1
8286.129131954498,1,0.28308662065879764,296.1107099372628,0,0
9097.629055204696,1,0.2527751182073995,215.81231491018946,0,0
8911.250013648261,3,0.515196365145732,166.593131356664,1,1
1826.5591422674456,1,0.6380090954379247,322.29208748244713,0,0
13223.182508140515,2,0.13546580064182515,6.030348613210532,1,0
4351.2006175362385,0,0.2768526920377734,484.19627402755253,0,0
2377.9663586006604,2,0.4645469332010531,119.87914865307096,1,0
13386.847158100169,1,0.36480346878654524,458.96389044858853,1,1
14356.946724331425,0,0.6700968634786575,58.96229854458046,0,0
13000.850450349035,1,0.5089284768330534,122.85315511206342,1,0
12237.983083510731,2,0.2282872844831202,121.2624820383127,1,0
10001.008719265816,1,0.8155723034520724,498.0956875793199,1,0
8487.43187383252,1,0.3343245403866877,7.277270134312788,1,1
1761.308018715447,1,0.6849048871715387,321.62091360523044,1,0
6422.5715895251315,2,0.723932623284328,435.49485762512217,0,0
5903.983496678553,2,0.8705261602048817,337.77545874224467,0,0
4266.42986452473,0,0.4988059732192811,184.55324001738737,1,0
10989.591648484482,1,0.5926684123715458,479.36313453795276,0,0
7690.198158642177,1,0.367901034783627,447.2927735215753,0,0
1675.170130660895,1,0.6425434347296533,219.80768552351128,0,0
3692.6564282722643,2,0.4707067886930558,288.7976038425259,1,0
10407.25207306414,1,0.4501218917795379,483.92199796359415,1,0
1603.8974626093527,2,0.7843740232928844,491.3673791536027,1,0
12842.500253707147,1,0.14013507479895093,227.66252148038635,1,0
7679.624641702628,1,0.8055699422654948,424.43826393082884,1,1
7468.505371236396,3,0.7816558702628456,154.48021234219848,1,1
9089.912877563005,1,0.5050930028494313,189.047372100679,0,0
12457.874005914662,0,0.49216228336450263,86.586832080162,0,0
5543.2335145818,3,0.38944589442839217,108.5463734244815,1,0
10331.234212106421,1,0.8953390333453876,330.1522846183827,0,0
8703.11347793897,1,0.188935466203073,257.836900913505,1,0
4371.909917456609,2,0.5721721885028856,119.41027100967342,1,0
13240.13480214979,1,0.6453452720899336,204.44026009901802,1,1
12062.677313300457,2,0.8474640065735556,189.72581263252246,0,0
10047.55160254717,2,0.7241627974854092,493.74330124499045,0,0
12833.435071866508,0,0.6150777622492375,427.5150894196328,1,0
13075.765913917134,1,0.19344985344969814,197.043335024993,0,0
10771.263162368004,1,0.39898681346517395,457.38870655353634,1,0
12636.693261273245,0,0.21107331403838822,174.60451885594472,1,0
10613.336194204612,0,0.804970185972411,335.6112488037554,1,0
10362.041190524356,2,0.6996969244509144,483.4917483576457,1,1
9469.864984120173,0,0.7060294294377835,198.18803767433337,1,0
11414.391273585798,2,0.6218052142188353,341.5430577269422,1,0
2799.7740267495687,0,0.5056348295493678,151.48228647600345,0,0
13272.626008384463,0,0.21997684757079777,136.82459622099745,0,0
13141.731152305863,0,0.36375590936404145,289.2075498836182,1,0
924.0856040011076,0,0.20953263398151245,489.735976026443,1,0
12474.342883189058,1,0.6799305142818746,229.30125511648413,1,1
2368.613078364955,1,0.22818302081760403,469.13030030670745,0,0
5359.223386757558,3,0.6616908401373485,457.609942521157,1,1
11280.869716228313,1,0.6538043116767238,130.6124931107724,0,0
2831.018492700469,4,0.46744358319303114,203.90060650674206,1,1
12360.521849726401,1,0.20818292329444185,323.43472685462064,1,1
12565.945580387257,0,0.35184066090722943,261.43271278363886,0,0
7858.282139532125,1,0.3560744872604412,52.49947228227129,0,0
592.595139894087,1,0.6603081065146348,496.8805249129434,0,0
4662.052931036235,2,0.19099441553097948,377.5637305995836,1,0
9445.440316448263,2,0.7632549169728726,221.65854892123232,1,0
14727.199581397641,1,0.7088058321487312,310.9934320848142,1,0
9661.296141741692,3,0.24904553453941913,48.348544546783906,1,0
4267.151925430317,1,0.6753315054231115,250.17431857635694,1,1
9693.082694944365,0,0.6348105451742574,465.7620458296565,1,1
8329.788005879906,1,0.698496640088741,448.81747423721424,1,0
11807.758229691583,2,0.2511428443589556,172.0035185141571,0,0
2051.219262990897,1,0.22607225772517492,268.02709259156273,1,0
11534.904586279406,1,0.28918718873820337,350.20484442338517,1,0
8348.3653908036,0,0.3926973625191805,173.30458711941316,0,0
14463.384055955423,0,0.734931984828641,37.11521295649955,1,1
5457.146407560948,0,0.69033914998308,255.19362007531333,1,1
9673.017450442248,0,0.8403612738228265,302.80968923255153,0,0
14014.407529895254,1,0.14690364727889238,7.891592060147573,0,0
1986.3910558648492,1,0.10924502481134848,52.30980990157266,1,0
14089.813064928541,1,0.6593110637606393,107.60886857910538,1,1
10474.342973361794,0,0.32342999663533256,177.28588206051242,1,0
1483.6373570249925,1,0.367263116427054,272.8203553011373,1,0
4863.971720728836,4,0.5374416207316098,150.45224478603433,0,1
10768.495285356583,2,0.18193049850143883,141.71098813121935,0,0
1476.5837212971896,0,0.6141555332384397,435.3279251874755,0,0
8941.471672555963,2,0.3601179569849202,76.800067196706,1,0
5515.304325817872,0,0.6061720994407933,250.25276592031832,1,0
9503.275007628417,1,0.7672055304587087,476.6482348833873,0,0
1163.2594902814362,1,0.23688906666994375,314.3815583124427,1,0
13137.283689209456,1,0.8446984743316163,360.01671254774703,1,1
14615.590053072256,2,0.524550512849955,218.4623107383505,0,0
14548.728901642526,3,0.8383422121391747,14.866422724261186,1,1
11369.951560272408,2,0.2661840657614225,324.83453234176665,1,1
2386.2504818941634,0,0.5836501316833901,317.8025193069214,0,0
11494.816340970827,1,0.42310969385888375,59.66168004934988,1,0
856.510288652622,0,0.7193777529248105,233.7690582441926,0,0
820.7914971704602,1,0.5847271545706371,458.08782760949697,0,0
5192.348177668348,2,0.4956123655666548,106.5169918261277,0,1
7585.326260867653,2,0.830388325144807,233.2438835438846,1,1
11670.907558213,0,0.40169365133734425,233.2460766742576,1,0
10407.782960794326,0,0.2759841639185452,406.326926733081,1,0
6965.589242462851,1,0.5864809494816734,413.16505581307507,1,0
4467.586661084155,0,0.5992227497382511,380.838362733379,1,0
14958.305252286811,0,0.4512756972575004,185.8998087981955,1,0
6679.628882421608,2,0.48928803495150586,40.658277884167454,1,0
7045.111852780295,0,0.86764273143992,177.99407372588698,1,0
2872.545407279203,0,0.686148553117441,341.4966446293131,0,0
12024.738456873976,2,0.1884814011860616,352.8595543720928,1,1
10558.392273831585,2,0.2697040566964888,482.6751036909759,1,0
3701.159385437026,3,0.8804613075484472,229.5524095646357,1,1
1694.525161429719,1,0.681172443034825,318.0556135554437,0,0
10367.23988008334,2,0.8320361009157226,271.8994810076532,1,1
9990.412607076461,1,0.34308917119097765,79.5561872560525,1,0
4462.263141474035,2,0.6934934880692738,233.29522370540735,0,0
14287.52165263095,1,0.6712021668188092,274.69340157105216,0,0
2690.3394308230536,3,0.3357519883515001,475.62105499091797,0,0
6768.854615117728,1,0.5406530603605643,186.43683193243325,1,0
14182.430842430183,1,0.6019320890162362,490.149056038449,1,0
6586.046095428774,4,0.48490544866197205,273.4385366419218,0,1
9758.626241129241,0,0.7617429653264102,125.02227543501347,1,0
6265.118770460517,2,0.7662952334383916,99.87387157282485,0,1
4476.120434055716,2,0.7804804386412454,75.13898404381472,1,0
14767.67589541751,1,0.7427388552785302,229.20177093385922,1,0
6435.343091568124,4,0.49046678175771574,15.853582745516999,1,1
13464.43845334745,2,0.40515063851920574,225.29741524085836,0,1
3834.3417854207496,4,0.7651010269714965,494.2603226171934,1,1
3590.018208363708,0,0.49216116684501354,336.70286388252197,1,0
951.4442018254147,1,0.2970971189023855,381.09412999420033,1,0
9949.168967950332,3,0.5058748258577731,63.907668405539965,1,1
5843.631983994536,3,0.2134798575353937,239.18492643759492,1,0
13033.194622674737,1,0.6533035924790391,146.6804350077284,0,0
7361.543647027579,0,0.3687370252991251,447.5782763545695,1,0
14538.804704763465,1,0.3085270387579635,94.7397736468867,1,0
3190.1199776952567,2,0.865206996987796,232.0729969326873,1,1
13095.035935356356,2,0.7215047966066461,296.08362058109066,1,1
11760.654365480255,2,0.7296556021791453,259.45034033137364,1,1
11678.366747338754,1,0.5989775754233467,415.97054634535164,1,0
12749.35680769487,1,0.7713382484082377,119.56931980322199,0,0
11534.847868673483,3,0.707329984930705,191.80859965972715,1,1
9580.194663655524,3,0.5790189633068933,397.0817268041065,0,0
2403.05072639462,2,0.8688995214813738,266.39534880971837,1,1
971.6296026231528,3,0.25327595974753847,204.04810589573887,1,1
13852.293793327459,2,0.8547037751958009,19.574044798691595,0,0
9441.429560550701,2,0.42115052959909194,377.92578488772665,1,1
12049.790719154556,1,0.5227191867211893,486.23012859354634,1,1
7482.074096931976,0,0.19819145563544716,312.04206969681246,1,0
2200.96873995472,1,0.5320859511374327,428.9879042409533,0,0
2315.1939869369817,2,0.5889654014865547,260.8534928814884,1,1
10440.696664820085,3,0.8981612334468192,119.68207788456547,1,1
6739.435476042209,2,0.8801539288572212,12.148841596397007,0,1
3407.6085371548825,1,0.8731178334994298,328.4321424570447,1,1
7628.120927750835,1,0.3787104480816459,249.0888798828811,0,0
1431.0295875894444,0,0.8930131989960348,392.13858280836274,0,0
8938.585327758783,0,0.4643825212760887,348.86779663047577,1,1
4400.404364308916,3,0.7814690070095204,494.0364222622495,0,1
12064.606959239229,1,0.2730559752151776,257.6047287889597,1,0
5000.248404391819,2,0.5046665437252819,216.45152088813964,1,0
7100.692161686117,2,0.8728096769020843,146.936146272451,1,1
668.4978286674592,1,0.857625117538742,241.04633943668085,0,0
1550.4798730211037,1,0.6469879022571414,437.07138167084645,1,1
6191.15656789693,2,0.7382514580424479,26.007664266911927,0,1
7459.113103398291,2,0.24114135728192113,489.06052340666344,1,0
9200.297947729903,1,0.677326839587326,496.68706118236,0,0
4729.107391284897,2,0.5944406466682979,300.92158240101134,1,1
10577.237348834868,1,0.17324138860099686,169.11438082922368,1,1
12971.774759243466,0,0.19052720527174102,115.40923931940179,1,0
11807.839338953572,0,0.18675489420100952,141.86274586401498,0,0
1074.4729675511785,0,0.6794855478638685,29.802186119961068,1,0
7467.3507352385195,4,0.21337216659805797,240.17992444926261,1,1
2021.4875870635356,3,0.47418581689157635,33.375514077880894,1,0
4009.652730006648,3,0.38558544470220624,360.644736314083,0,1
14806.607602373624,0,0.5404033126161742,189.10508048876275,0,0
2566.185372071942,2,0.6651811897755222,103.68554221484578,0,0
7733.878225044663,2,0.6477780297770657,274.702511128839,0,0
9463.258147612727,2,0.5124159327315013,487.0108570852918,0,0
10685.742072889507,3,0.4714678988883084,349.08986926411706,1,1
8614.905910560254,2,0.418252476097807,248.4146908015593,0,0
641.677287578163,1,0.7895279586435036,389.5725781309806,1,0
5233.688969537882,1,0.36468144389811596,370.0508535899994,1,0
8006.8188290783155,0,0.30749265693399586,446.4090532236079,1,0
1774.0642376000837,1,0.694652394924217,106.311129059004,1,0
5584.090502533121,1,0.38781076935738124,430.1444002480723,0,0
981.4450774748152,1,0.7775988798058148,154.00791308564095,0,0
1639.3882087478007,0,0.36231097490971587,470.79446927342303,1,0
6255.387504923143,0,0.6615558596596706,144.1272487286339,0,0
2424.3784336243752,2,0.13608720502826888,463.79002886552473,0,0
8729.342299792594,3,0.408450304088256,482.07640365971963,1,1
10497.242052490354,1,0.37458413997404116,77.01822194122205,0,0
12108.507137081702,2,0.7533429914207387,487.3774422150776,1,1
3402.1785415497466,1,0.8736443225826481,47.43286937249473,1,1
2928.4974427565116,2,0.4687050213543692,113.19105437319837,1,1
2016.2336848488037,1,0.7598690217230065,224.86354653203824,1,1
9728.238618382733,2,0.659755760765892,496.8306960272965,0,0
10743.898034060066,1,0.8739087901309546,246.83871032686278,1,1
957.9990999718095,1,0.7488868114742598,277.4526743733505,0,0
14075.077570533502,2,0.16198245277098444,348.740350014206,1,0
1253.58361294635,2,0.6706253779057889,484.3053113451109,0,0
8348.796861865521,2,0.5283997723378989,392.758943061501,1,0
10781.377532038288,1,0.11314884634586174,115.9562321897308,1,0
13129.05229431824,1,0.3010503669803549,154.98051067885555,0,0
10854.260515920203,0,0.8374041960215144,53.32597860621958,0,0
12125.05720451198,2,0.8408490982294023,324.0039202615462,0,1
5422.027791870688,3,0.7390803681605076,94.46645173691468,1,1
12314.964149324427,1,0.8854236826223916,132.41541979728603,0,0
1661.6652725777897,1,0.745236179699364,444.61625931428665,1,0
13474.84151287765,0,0.10816334982819616,166.74405928934752,1,0
8440.089454229175,0,0.33026747224120945,285.4901255853127,1,0
12350.817664456159,0,0.1244993457902103,201.79517435064264,1,0
7058.615125515352,0,0.17528637499004757,41.64548726592722,0,0
9831.876580349612,0,0.27507265356062083,184.61759579886902,0,0
8132.838583573642,2,0.502846837060418,206.99376050278576,1,0
11108.048065452313,2,0.7780256027696142,448.3720454462015,1,0
1683.6347394435488,2,0.7895734049256865,165.60307355493805,0,0
1375.105217863175,1,0.5929614868458372,192.7243542822236,0,0
4082.9968931471235,1,0.842540751252988,392.53390049280557,0,0
2813.397861641231,1,0.5000498612721666,380.683542349741,0,0
13140.861715586925,1,0.8112288353065613,400.15121194100294,0,1
3678.6028166916426,0,0.4632522050656097,477.116516337622,1,0
14650.046209377404,2,0.32178000593750583,398.80096170541816,1,0
5384.988980681049,1,0.8331303344803421,206.766060592856,0,0
3140.7097774861395,0,0.41034806054309547,411.6467158645555,1,0
11950.628353565948,0,0.5027232870755693,256.7939428845195,0,0
10051.262744762704,1,0.3630885060245418,142.46844609668983,1,0
7723.837888570515,0,0.6302700802325838,154.94394872485114,1,0
8552.771488595652,1,0.8960249800048284,115.80198233888217,1,0
10928.425784947825,1,0.12041083909181571,76.77151412077794,0,0
3812.5937493038314,2,0.8198784048056812,96.32275386755691,0,1
14946.841782822758,1,0.10314084559141233,36.27313472714059,1,0
14634.500851128356,1,0.3913823049169689,444.78317814153127,0,0
9929.722452030584,0,0.23488544503161146,465.848865776316,0,0
3393.3655384726044,2,0.705873424538041,295.4513442844783,0,0
10363.309515253724,1,0.1404886726057388,421.04233052129905,1,0
1546.8769301980496,2,0.5427879628674623,95.86769581330783,0,1
944.461281984188,2,0.33594090707625013,451.32854348735765,1,1
4236.401883412598,0,0.20693619909176172,255.6489720171016,1,0
7208.032872720087,3,0.7174545696821126,38.24667133974977,0,1
13089.951328421517,0,0.2739334674042054,74.9498085246093,1,0
11043.951511611467,2,0.27894016964395113,157.9433480894745,0,0
11269.244557399725,1,0.32006142811033844,26.56100227560196,1,0
6669.653349497093,1,0.5694134110624219,158.10022211863458,1,0
5516.057391930963,5,0.6277327453525986,34.66556439385144,1,1
5880.0620632767395,2,0.11408201896107598,121.83366457044846,1,0
14820.918674172839,2,0.29349570889103227,136.5065291489386,0,0
1081.583275480996,1,0.44477667400422627,497.212643301563,1,0
13071.956693775504,0,0.3655815617289865,121.5956035130139,1,0
8890.793424299705,1,0.8073365268087088,123.39729222459727,0,0
6859.923578249061,1,0.7301669847091351,344.9605393374006,0,0
11016.236076019479,2,0.600712172431062,430.3819518656437,0,1
7556.699650658191,2,0.3704339327976318,196.59242923803282,0,1
13164.636952184079,0,0.6605378758769278,438.43091987064275,1,1
13560.177028163249,3,0.7749104102766355,173.37030027013978,0,1
6614.953439665103,1,0.5758643018871894,102.52286040943456,1,0
4514.003059908247,0,0.7275691735147033,168.17121804222313,0,0
9089.079764603752,3,0.6992839691197983,306.63140509435624,0,0
13729.268511442018,2,0.5573898489282578,186.7358638594765,0,1
3554.6017405821653,0,0.3497465734572088,338.08243297469795,0,0
9533.0154616705,0,0.6966257264010174,122.28326031412878,1,0
9657.623191341549,3,0.2654370930860852,351.9914825246286,1,1
11130.138825021575,0,0.723590677177227,176.981989807991,0,0
2407.731434345267,4,0.7436373537140265,230.65484394295757,1,1
10879.461987890285,2,0.7577159036562985,281.0838445192335,1,0
13680.971549651795,1,0.4783327767827661,344.6813765770669,1,0
3105.4050786185085,0,0.25398461421633733,123.16327746512319,1,0
3944.3782113962257,0,0.179778880052855,418.7930410183512,1,0
14585.228863603774,0,0.6946890003903394,362.3121611288437,1,0
3124.1658142876017,1,0.8090091076238506,120.87846991687974,0,0
12888.583853858898,2,0.6206706870695253,487.6124084884406,0,0
7638.028918496504,0,0.21532804831069569,334.07451056007693,1,0
4084.850578846067,2,0.8479171588140593,228.95130880101928,1,1
13125.873568451416,4,0.8912816116314557,82.97602614899058,1,1
6956.92619753865,1,0.44670288794793755,268.944396142525,1,1
7964.851631980508,1,0.575860231419017,86.56406397942351,0,0
5708.883856296602,1,0.7217828160013262,217.59838095543267,1,1
9097.787345806448,4,0.6891118320400358,207.31269875606182,1,1
2871.0961524828303,3,0.8742297535467594,361.37012395199275,1,1
6170.68228145053,2,0.19190647286303114,100.22967470600365,1,0
14556.47867386167,3,0.5645798929142446,411.8263206610687,0,1
4242.93477416635,4,0.6535451357384737,166.43550187300207,0,1
10022.681635848738,3,0.8120787393501361,224.77437034954366,1,1
5215.255931258076,2,0.7992877021745206,387.30878289915205,0,0
11715.36032245571,1,0.882399834849032,314.5692378581898,1,1
2397.6680804160724,1,0.5096627631501432,157.47254914195898,1,0
14562.405153638898,0,0.7646086934505812,196.1704476502111,0,0
7079.948350062769,1,0.4418253665018622,156.36447292485704,1,1
3922.7317185237275,1,0.4378511022848258,299.4112328021928,1,0
1565.7028362851836,2,0.3026786915782872,169.64914393738565,1,0
2961.4896237693406,2,0.7545898296153839,364.2203589176547,0,0
8036.722254062256,0,0.8886520846508125,291.9946434989444,1,0
5386.546058253652,1,0.3050733826778063,77.12477281501695,1,1
12518.808805297836,2,0.14490527041685786,158.5829662465418,1,0
6747.869093096186,0,0.7524339499352058,114.61648374552709,1,0
4106.356952520633,1,0.596184042027805,198.20504021298524,1,0
9448.602305758435,1,0.8677590404408035,260.4121226736347,0,0
10748.269644838965,0,0.3017913752615618,255.8476143556344,0,0
2922.107664563773,2,0.15682212640102489,378.4892198988281,1,0
2930.478636180606,2,0.49395380869320127,98.64007248284612,1,1
1031.735690536373,1,0.16837281837211798,473.50405050223617,1,1
11177.829218451787,1,0.30943200088216594,174.70832790667347,0,0
10125.165650516174,5,0.20078228865533465,153.62317922348856,1,1
7382.147698372301,4,0.27930574372806294,344.16339619920876,0,0
12740.471510053358,2,0.1849157222571135,403.73073119811596,1,1
12182.217217775771,0,0.8631247995418283,192.34352358275845,0,0
8987.638283752905,1,0.3228501707597884,374.6892525725187,1,0
13089.933567442251,1,0.45511806879405237,442.44929828734706,0,0
3484.69754553314,2,0.8188894461073779,384.5678142774439,1,1
2122.834481267054,0,0.6418572703691795,21.927260357562332,0,0
4411.3693669963495,0,0.5944299844494195,414.5476111262631,1,0
1327.7594132950653,3,0.6644505522886697,388.3680744349119,1,1
8201.958156014964,1,0.7630578056843055,336.29866788582706,1,0
14080.782538276942,1,0.8021354142814088,381.2110974485122,0,0
1070.4813396933898,0,0.6141117365320212,489.81557093680976,0,0
2270.5937531453883,1,0.8120058197552462,218.40087947008308,1,1
7056.885910109811,2,0.5283180219403815,38.27550130252592,0,0
14041.187754154622,0,0.3218326850147387,233.14053496571975,0,0
5084.2635221628825,1,0.8040613671070755,27.98465941856873,1,0
7854.904725981691,2,0.5331782619304697,150.65395200378828,1,0
1102.8064562306854,1,0.8249100700537875,295.5054969393957,0,1
2650.9764139502886,2,0.13213425116046498,158.26333199844737,0,0
14806.13678290328,0,0.41801260123298845,344.2706467252216,1,0
14494.22109832266,2,0.8582440146899746,411.8832322044319,1,1
571.6297235489394,3,0.2997200742066422,213.11739374337077,0,1
14301.270888636966,2,0.8532289968307941,450.56828589003675,0,0
9767.239098324755,3,0.8631219689034,44.520271018448106,1,1
13084.81527054032,3,0.8057138513806889,420.8560162792227,0,1
7093.727906690957,3,0.550934436074639,415.14370699245296,1,1
7976.142414399129,2,0.6175515592645108,164.38697868174862,1,0
7588.275413725342,1,0.7956935987598953,152.86401762668442,1,0
10169.531734418513,0,0.7207176659113476,156.02201567098876,1,0
2524.9431939665374,0,0.6040750795643293,406.6398876104834,0,0
934.6170531538303,1,0.8858075262965621,416.6684763670466,0,0
4964.984153072268,0,0.6485413090669553,168.21261711969547,1,0
10717.871059681378,2,0.8803855939582089,298.3322219850086,1,1
3426.875055782751,3,0.1459107796856726,73.77194857302497,0,0
10264.770283211301,2,0.21116829659376998,237.04547544910596,0,0
14563.724668555422,2,0.4611670768003925,499.4024611734914,0,1
1861.5603789465665,1,0.40790356870745215,83.6253781145922,0,0
10252.730714264331,0,0.7261878730856223,474.04350678022917,1,0
6934.378179916282,1,0.22849122117536302,413.00608737267885,1,0
13088.062688473829,2,0.8808761432891908,486.2462522184036,1,1
3068.6719469870955,3,0.35205270020873125,93.89148650221384,0,0
10543.076307279385,1,0.44313896619212756,110.69165276946529,0,0
12652.671699897599,1,0.31979602595201834,13.349254958755047,0,0
14196.906182373337,1,0.5634908938612379,363.72739739322475,0,1
10407.096410199865,1,0.14690296033806716,323.8268732509119,0,0
7709.034078122196,2,0.21974200445635905,93.14239197074238,0,0
9458.784982917601,0,0.6966381627349794,396.6167579433256,1,0
13099.122274941414,3,0.24920046672384313,153.10177553520407,1,0
8773.841326263031,2,0.2884115612453303,71.8228068186644,0,0
940.6123656041345,2,0.7343857885798702,214.16851918457732,1,0
13998.756084851178,1,0.17464094268580288,50.03007497129376,1,0
10498.137889957636,2,0.4499790582166727,135.30560985525707,1,0
10309.444093770075,3,0.11845070959778159,188.81001242153636,1,0
3627.289709766899,1,0.37744591945432304,426.6727663845042,1,0
10053.83931837353,3,0.6591851220886036,397.3116269401446,1,1
6211.033881985298,0,0.17208262377378264,224.16337144655603,0,0
9942.878167101635,3,0.810667701423008,363.6646535874318,1,1
2045.5989394658654,3,0.8275992343525729,286.48156990860747,1,1
10038.756916744023,2,0.18399230010010809,173.7167182636437,1,1
14991.499023674665,1,0.8925859491006214,364.307800030166,1,0
1199.0745634780624,1,0.3380236427163912,343.3320814608571,1,0
14669.025671209101,2,0.16728133690528485,311.451748885833,1,0
6400.165430481624,1,0.10405369159780982,310.88798291640904,0,0
13125.925029890257,3,0.42681831661109004,343.0760862018535,1,0
11844.589518844965,4,0.6038479885648942,195.35002875805642,1,0
8721.735784306684,3,0.3657433999226506,435.1925284585127,1,0
11207.513534144235,1,0.7693738923796982,85.3423835207481,1,0
13238.475638869544,1,0.6732850204520401,442.5233043033813,0,0
6360.034663939978,1,0.3801292255744262,174.42951230083722,1,1
5241.9808426669615,1,0.6874477332868837,66.89064972626815,0,0
10180.104090671979,1,0.8523901895753999,302.01356432616933,1,0
12213.76615814825,1,0.1744767988344137,191.11340118985058,0,0
11553.134454260928,1,0.34488316812609354,408.67236491624203,1,0
12068.2979084502,1,0.4706607512933546,218.2388069217398,1,0
6815.958064787528,4,0.4983921022038149,335.9384501532444,1,1
12358.596134537813,0,0.533756515908859,157.58770480488863,1,0
2243.0313028738224,3,0.3405015252309188,108.67892563754334,1,1
8395.091920432318,1,0.6338077167858793,197.08427031966778,1,0
583.5005772227628,2,0.6160676028238637,305.36987812820456,0,0
5206.49453355392,2,0.5622572050172912,330.18863590961917,1,0
5813.692255635269,1,0.1910093773687013,291.2122993225191,0,0
6244.504028334203,1,0.4815743128767557,494.0875807189339,1,0
10584.274497003002,3,0.3849815099915005,347.0896423151068,0,0
6134.092468420014,1,0.49283077587049806,466.1022156604743,1,0
7006.057528026695,1,0.8374931484120208,63.376931473111384,1,0
3944.389897677748,1,0.4844250745267267,35.37960025767204,0,0
5912.150978625431,0,0.11118463347160948,158.94237749591707,1,0
3795.4095953156966,0,0.45106939046730476,72.61152449632985,1,0
1561.3408946424327,1,0.7565185440395057,265.3049214729925,1,1
9250.00460402998,2,0.7240487385745346,261.89572049402295,1,1
10189.085579047736,1,0.5107120588225448,289.6483473897553,1,0
9482.61001713941,2,0.2998152102874523,373.887801011381,1,0
7220.663635108299,1,0.47207093033163605,485.80820160509836,0,0
6006.8938125988325,0,0.5509617755345534,439.7380522623775,0,0
13018.337918791465,1,0.8998971506193071,63.59178358991289,0,0
8026.685884475161,3,0.6153424721355019,172.56427594147533,1,1
7448.137225631099,2,0.6554119440500907,131.63239739878074,0,0
871.8099541933175,1,0.49316331485444154,92.52459210099744,1,0
5448.093500579267,2,0.3835916406260239,274.63881394461333,0,1
6012.836472394927,0,0.7503623869177648,278.8658790062016,0,0
6282.930323005057,1,0.4959458594713889,117.48618980459035,0,0
8912.499353796318,0,0.8957521039716201,357.3891389018093,1,0
8237.236927539738,1,0.46569645941443527,367.7925780889051,1,1
9314.623845504948,1,0.1544002269180619,15.38509744279699,1,1
11590.80729236086,2,0.6460625096720662,200.9000633425467,1,1
12288.293211383356,0,0.13731316074064887,445.61961739480245,1,0
10912.784605284169,2,0.3004012775077627,262.5577110806999,1,0
14355.093591346553,0,0.38299060222392267,177.07576171230218,1,0
764.3724488072437,2,0.6915868684970621,130.56969503958942,1,0
3338.7807924114186,1,0.4953887411260903,125.46048735954973,0,0
609.6616871830607,1,0.1229167450482053,54.38517675614914,1,0
9888.383355241744,1,0.5934798810207378,409.52707745108063,0,0
13521.44295977481,1,0.4291489899413299,47.89541567011475,0,0
4030.4933003563397,0,0.8374676079736857,149.6859091015988,1,0
13942.000899546447,1,0.49964984891218833,27.609490590344837,1,0
1373.8771591986324,2,0.6671801167514712,391.78635201323175,0,1
14049.322388679957,0,0.2750947938636375,24.44542270226128,1,0
5598.528964974699,1,0.7087788516253226,157.60904641476316,1,0
1970.6020125136395,1,0.6767642483869378,288.7821981928987,1,0
7545.140508201722,1,0.8232653668330466,207.7328733452547,1,0
4223.260231947365,0,0.1270573133753594,144.72417828830473,1,0
4630.657078447881,0,0.4580005580939609,141.2185908516331,0,0
4955.7044914311555,0,0.6433243221917041,399.9062014730934,0,0
12143.875518573619,2,0.17613112006417203,487.1191570681863,0,0
8317.83851179119,0,0.42848325371913,177.28032987215272,1,1
5013.961637762053,3,0.8537172824529563,24.37702923646318,1,1
9349.839858008316,3,0.44874759271290265,23.10006006500867,1,1
10884.184776236307,1,0.8883238267845052,380.81064052930543,1,1
4453.048010636239,1,0.1454712488638557,278.42306169651783,1,0
6496.461972117597,2,0.674263820912713,392.87836542157856,0,0
2267.3483533857398,2,0.5648129889986157,350.26102009284455,0,0
3126.6655682528644,3,0.5004317417057004,454.21564288637126,1,0
10376.20888249225,3,0.8766779211880075,443.48302406807863,1,0
3130.856041586591,2,0.20372032039290291,395.2220608324828,1,0
8114.869063172372,3,0.8167991613447307,240.21863422086113,1,1
10781.170794975274,0,0.6529923289092883,157.52257176390697,1,0
2049.7153848737853,1,0.30719685863970614,255.97825978509675,1,1
8726.0271846191,0,0.8213353165058347,253.52544562331266,0,0
4220.160363669775,1,0.4434359342888107,307.08639670022217,1,1
14462.439690944908,1,0.7513818624584567,97.11829605253753,0,1
7511.411877438909,2,0.41106921363792004,329.53184082026945,0,0
12186.891971739793,0,0.7807446619465929,231.0174574818788,0,0
8478.284861265794,2,0.609303294756039,312.0013918107253,1,0
1129.481726394878,1,0.21283730686698174,123.6043873451751,1,0
9680.694946113324,2,0.619730530775622,220.02547246929072,1,1
14295.348461996527,0,0.2530758101614981,109.04960115399753,1,0
9223.371392121802,0,0.4295381023153302,438.27605259461683,0,0
12378.238461688457,0,0.236236467401627,246.5407172955611,1,1
13320.993718551914,1,0.11761289253369488,116.365800709037,1,0
3807.156693259521,1,0.269509231559966,25.398304392065413,1,1
3574.6501786692866,2,0.5290976189793006,339.4906390035032,0,0
9359.22433833938,1,0.48524877422187684,111.24913342492907,1,0
6459.912812197218,1,0.5011976764288509,494.84318519779526,0,0
12677.988891567446,3,0.298149502757281,269.18168484050994,1,0
13550.335289271161,2,0.6481289604913489,148.04361314277588,1,0
5624.609999889412,1,0.6634106294562766,330.550329727352,1,0
3934.6231051299897,1,0.3863742604477325,141.23386210185234,0,0
11817.619971035996,2,0.8049360707793395,411.0357754853245,0,1
4484.687515447973,0,0.6152185733084383,157.57684521032124,0,0
12427.907618448337,2,0.6704314202069054,494.1826275359751,1,0
6644.204677907061,1,0.3218719343511516,304.5466687954203,1,0
10179.473539726321,2,0.10048930812446964,422.98351872661834,1,0
1885.2620506026885,2,0.7923004896816876,41.043657441319,1,1
9545.960207810309,1,0.7579395076638468,177.40821160616315,0,0
7050.631341689822,2,0.19855351043426417,370.05610765224407,0,0
9005.822716044375,0,0.3992841079650452,329.2542135835884,0,0
2936.2060123005194,2,0.629071446710866,101.1503451097101,1,1
11184.669301690641,0,0.6216886857749826,181.32045060230638,1,1
13010.557624376814,1,0.7882802678468452,135.40448670633276,1,0
3642.7271013162467,2,0.21221452930834284,308.6182340321123,1,0
1887.861055042345,4,0.44395179822809505,175.5612735820936,0,0
842.7594976718777,1,0.17777953434113983,157.98184979017316,0,0
9808.586756427358,0,0.41167619875090256,107.65210031598914,1,0
9302.86352328732,0,0.1120859564701635,207.46842485275093,1,0
8427.112484354016,2,0.8186184520881016,101.77378214729403,0,0
3863.2328936816434,3,0.5216351974629448,481.471945751928,0,0
6168.136940629963,1,0.7798418086418829,81.47839669017519,1,0
9119.90686019951,0,0.147923760802691,457.08583390459427,1,0
7703.119453457956,1,0.2819664883783365,217.09418358750807,0,0
14822.890043115865,0,0.30750399617694446,192.04366582305244,1,0
2478.37641207263,2,0.40935319571103046,119.50330144790017,0,0
10579.59603369011,1,0.7422930979180369,319.69938551192195,1,0
6362.622137512236,1,0.40924629898519416,344.336367430364,0,0
6708.894416421414,2,0.26372282371706157,236.44762631494663,0,0
10905.167602043555,1,0.15199220827101476,32.57491336824494,0,0
10540.32419420336,3,0.16359339868214998,459.6625245908322,0,0
14873.211908681731,2,0.708037764768782,490.2629207738086,1,1
2361.717197084816,1,0.4558423928293064,218.3664905298583,1,0
2009.5899160704118,3,0.6809448976000122,308.76209966761695,1,0
11002.912848366746,0,0.6458296974109581,227.89781999065463,1,0
8886.610296592931,2,0.20828996940820624,164.3304271886297,0,0
4475.329665117185,2,0.21431034735381377,43.27280246461478,0,0
1651.5808503403057,0,0.7042736123473071,230.75352654666293,1,1
1742.0446191482429,0,0.6770146347883338,410.1003553979285,1,0
13465.767682629716,2,0.40242461349944836,13.43057323856177,0,0
3282.076208421772,3,0.16193781066627208,293.1433031742101,1,1
5188.887650675051,2,0.10967841735876177,440.982193819711,1,0
3786.517832291326,2,0.3305255595693959,112.6869678571072,0,0
5647.446434563091,0,0.10737781886978155,95.71165302108578,1,0
1506.6457198183539,1,0.28405809688296274,387.27692972246183,1,0
8026.36696816992,1,0.4356005921690709,131.2677834040502,0,0
1480.382172087116,0,0.19713261224956335,100.03221244252099,0,0
12105.169363424242,1,0.183422206265237,192.10467903177135,1,1
3888.825187701279,0,0.8171499485749892,199.2884960737579,0,0
8330.172761765403,2,0.5683760232183114,437.68002619320015,0,0
13261.146769641146,2,0.8475645494102252,311.12951860717004,1,1
9937.721851184315,2,0.37666093102854337,205.95092088809673,1,1
8227.88790499436,0,0.6417159498633305,269.5220423214546,0,0
5202.839420172946,2,0.2637533396974323,477.2127904960107,1,1
5328.52773934387,1,0.594672253823953,61.04126492189821,1,0
10207.560850373757,0,0.20366858400798754,107.81918325372226,0,0
14915.02073770693,1,0.10166451134102861,481.4517097603449,1,0
10096.66825281599,0,0.8452254411276633,478.87580002096604,1,1
8587.85955186536,4,0.5439155009401675,92.69688352606245,0,1
11094.432398469069,3,0.8415525302256316,76.82886447702262,1,1
7245.481378113913,5,0.36706521896165767,213.4371414976168,1,1
1372.0639677113857,0,0.3622288553294054,29.610554781544707,1,0
8653.303830229692,2,0.4205240014184254,329.1772484811443,1,0
14385.566625328012,2,0.6648327871665346,43.36053072256238,1,0
3041.892664186065,0,0.5526469073489394,33.72466541166896,0,0
10505.070916899653,2,0.8402839256792943,245.16753342338038,1,1
3413.538485556319,2,0.12035272090595149,479.1043848745002,1,0
8269.501424859678,0,0.6665567503780292,216.263988351264,1,0
1901.8085198774345,2,0.3642621514932435,181.4581735369728,1,1
7030.378575743684,0,0.24418692145476895,498.98857417363155,1,0
11464.368268981068,3,0.5083164980160791,268.3246355856958,1,1
5539.78710146524,2,0.5040510273439968,190.74449641067304,0,0
10141.22000506466,1,0.20960882295074273,196.0011026040929,0,0
12034.024431451073,3,0.2615168449063119,101.50495053658769,0,1
13944.078382452064,2,0.42653173192124394,258.5504134365318,0,0
3902.3101869040765,1,0.42704912991385224,222.2332389431629,1,0
6290.080779234968,1,0.35404651169574775,139.04367169196962,0,0
2710.032193291053,1,0.21883612120798476,84.4673428678711,0,0
14891.010781296442,1,0.10349894328078363,159.06323999043906,0,0
13941.514034902282,3,0.8761880499424165,256.798247205426,1,1
8329.378389068115,2,0.8547993837631416,33.874969780976826,1,1
12709.482768458109,2,0.4869203033409082,81.1032941490582,1,0
8053.890670444612,2,0.8960414026200046,474.0903471497022,0,0
9541.992476040015,0,0.6389234646257946,273.7133987605128,1,0
1792.3042656822408,1,0.15508603008603325,36.40740531171875,0,0
11451.421097203714,0,0.19417455926610191,348.0784405909386,0,0
2351.845512710905,2,0.8328886750957102,35.59242068912219,1,1
12477.980638661662,2,0.6040417617197027,370.7427423879546,1,0
11839.407271220596,3,0.7745469013258809,376.2315472514133,0,0
10776.798117273158,0,0.8186157197070755,327.2840929958801,1,0
1024.3255176090506,3,0.45835360902590894,367.4412495865781,0,0
4895.361161207265,1,0.13882076126135445,48.543061601463585,0,0
4315.132263707222,0,0.2506242791178577,364.75637341585747,1,0
5721.977908337027,1,0.15325755784194808,72.66071826332207,0,0
1770.819828075659,1,0.25099187655880584,173.05542409956269,1,0
14085.888433950411,0,0.42842634116470146,471.6589004828133,1,1
8530.132490329455,1,0.19455744841198835,253.92336144127435,1,0
4930.102504541342,4,0.23338659824427463,483.87608388109186,1,0
6256.23199757711,1,0.45665742565734335,49.01661714893509,1,0
6984.436837320117,1,0.3721367603107917,241.39051678377413,1,0
9208.617833728951,2,0.47412649935043283,35.88914853705097,0,0
7977.351701599217,1,0.4433376222072497,316.95407988764595,1,0
13831.18361160905,0,0.6155824207839068,43.95996567741561,0,0
7705.970502134539,1,0.8497516391006836,91.80706225748678,0,0
14886.291214938034,0,0.18629147075539398,133.12100348429382,1,0
12845.661887303888,1,0.17940811944735593,375.6282065739192,1,0
3523.402458181369,1,0.7822448888727216,86.16124881494702,1,1
13993.630612336785,2,0.5051173637219674,424.08286638006854,0,1
2187.3127693394035,1,0.7131240188547537,70.29244972124643,1,0
12353.020773122278,1,0.27233752288582513,22.446002289727385,1,0
6019.037755410412,2,0.7630900585340414,200.54748238998556,0,1
13230.627646453508,2,0.8390772993541568,489.8236127757911,0,0
13086.82200655803,2,0.6083864124371906,59.619402755444725,0,0
12185.918301705507,2,0.1847032171790418,55.35062979961638,1,0
11955.44132645239,0,0.816235851325071,376.82742284383386,0,0
4917.847516921592,2,0.7339901818960571,159.52003852681483,0,0
1673.3296042431566,1,0.7007022212115919,360.05440052672986,1,0
6343.212592094841,2,0.12938255112473246,104.00524177446486,1,0
3016.105467304376,3,0.739170020205577,232.73563712809064,1,0
10576.790789085695,1,0.21036080837468563,136.31848948571434,1,0
5518.44603479789,2,0.27790894095751073,228.50646636514801,1,1
14646.347912468766,0,0.561707867895406,385.70306082972536,0,0
9794.095121507315,0,0.31198461833350644,382.1949205364425,0,0
12425.968172698234,4,0.6290785650495357,260.30728239849316,1,1
2421.607754756802,1,0.5864563581592653,464.5440626419202,1,0
12999.209992953027,1,0.18651967841061012,135.57313071189563,0,0
13879.979262444218,0,0.6248116636732051,123.95411880402037,1,1
7562.397822874571,3,0.839163927859944,308.8341685818397,1,1
9290.667597389172,2,0.22888792414866652,312.5420319373106,1,1
11589.742113093434,2,0.5776496167543099,28.037319584662125,1,1
3035.160095275982,1,0.3734922975493553,305.8499676315143,1,1
7787.208108719915,2,0.4676893374188832,190.3458978877621,1,0
6280.61390269854,0,0.32960014326317594,374.98405003367674,1,0
2622.4228863526123,2,0.3833045090781563,405.01230394991006,1,0
5829.249123227206,2,0.12312945861324583,278.3161406757831,1,0
1488.4984860896566,2,0.8852413903337765,5.843990593621218,1,1
874.2726507675613,2,0.5998399376581987,320.00107603248784,0,0
2459.9111927449303,2,0.5005644723951083,375.69623343463746,0,0
14465.16911804302,2,0.4069722796002614,128.24671678459953,1,0
8468.178270477747,0,0.5314996470592221,234.99977056469046,0,0
14504.421336721689,1,0.40408479897264316,483.0346785888352,0,0
6771.2192357869135,1,0.3879263419949387,152.56719893008122,0,0
5021.333929736264,3,0.4711572333776105,115.46085926566168,0,0
7839.0570111835395,1,0.3207864269369527,109.37312128661502,1,1
6872.919485177197,5,0.24403991997342836,281.60641300522815,0,1
2032.1379217952867,3,0.5452847185442348,475.1446151474632,0,1
9791.98156300799,3,0.7742123489202409,306.3016139541756,1,1
3632.5536463891945,2,0.22226254218071384,155.14494451764168,1,0
9484.025346018529,1,0.12618747248337492,321.0920401433898,0,0
9927.915839773224,3,0.29744939612322896,314.29693731090475,0,0
2704.3603703653976,2,0.8837765147630486,300.47794218617884,1,0
1389.5695931046885,0,0.7630064589946715,83.9159724097095,0,0
11821.042997992377,3,0.5766928428228772,319.11056567577214,1,1
7167.106144655143,1,0.8433991321945088,217.9314039946773,0,0
1343.3750348293988,1,0.45622329346979573,14.203069018401518,0,0
14925.561598961624,2,0.8866244820601391,272.1834211380101,0,0
1337.8181344473162,1,0.33704163609542725,494.6870388831167,0,0
10578.010818449022,0,0.2922445996127513,178.12109746777185,1,0
14763.344416319498,3,0.6104385609176088,482.9518130677358,1,1
3968.1115111309214,3,0.4025231743602883,52.6218421229843,1,1
2562.6158459643448,3,0.6010924335810063,367.5628073543166,1,1
2260.0816216252188,1,0.34399641464214864,61.593347358103486,1,1
4897.489639730135,2,0.5943346054703929,140.4179289098607,1,0
1965.164259654377,0,0.3205970084680291,287.56621348445157,1,0
10536.339454564913,1,0.14077765505511197,298.4259485184907,0,0
1403.231072885909,1,0.8297087215385467,388.72960203091475,0,0
7886.620858171951,1,0.8065641614987697,309.57914657758243,1,1
14952.104380868164,1,0.8766385194181375,298.8392786683776,1,1
12302.568907837272,0,0.6732217409771237,456.61477805962346,1,0
9420.681854349657,4,0.6461769421882424,228.8195723435328,1,1
4940.677501405869,3,0.5472024560598646,116.50656045405225,1,1
9546.489626228758,3,0.20075393308201817,85.08534958669698,1,1
8142.101226718949,5,0.251388248759416,202.9973254207024,1,1
6678.209066410386,3,0.33157575093802893,357.8126138208794,0,0
2395.3004627328924,3,0.8121250900587155,26.059025040300945,1,1
13355.761120986768,2,0.23837561968246013,68.88142632215603,1,0
7021.877407909176,1,0.8382985395903125,57.52616275130151,1,1
3322.0264214010936,1,0.5182285864411338,294.6988257604721,1,0
5832.5105877207,2,0.6724557083784577,125.2180020129768,1,0
6504.881411669442,0,0.18819558934445324,87.29841700919127,1,0
12499.299485719677,2,0.31522683902072873,298.421506272796,1,0
11137.40851814033,4,0.866814886545141,381.8484081489277,0,0
11654.920957799428,2,0.3129199575437851,169.41668364406885,1,0
659.9533342153846,3,0.3372173763129169,291.2112798099151,0,0
6534.232973606542,0,0.25807790787286355,53.571584533732796,1,0
7479.490198712193,0,0.20325893224546362,467.91956007649713,0,0
778.288013934322,2,0.2866061131631984,171.76361173081256,1,1
4267.291526802996,3,0.6138615135606387,498.76531812088314,1,1
11524.202435270958,2,0.46429418680285084,489.40093914564216,1,1
2488.0907330704863,0,0.5430046690703189,390.51760742122667,1,1
8261.996906062579,1,0.19789186301281944,14.933212226448525,1,0
3620.427144249944,1,0.7416931577303201,274.02008559025984,0,0
675.7512323364524,2,0.7272757604638784,47.98402811780569,0,0
3997.4211351933513,1,0.11727192891414032,448.09332285095047,0,0
14650.16944619578,1,0.40681207560824395,395.86994506046443,1,0
12122.28812230335,2,0.15501648157691827,486.30848641486307,0,0
14413.861342654984,2,0.7336846235319665,306.14956180914874,1,0
7573.883636932255,1,0.6898157465005635,263.4755382197473,0,0
2091.174880823801,0,0.8215904754345249,261.8920586924719,1,0
8445.412590118547,1,0.2891231671624917,196.29194535490072,1,0
7088.471351119433,2,0.46503670650223916,237.0015832784248,1,1
12743.17769972443,2,0.2475903017315182,319.5292286519984,0,0
1922.1974213715466,1,0.39698794757929556,466.8090657403572,0,0
7579.496486815784,0,0.5177946012535072,299.96274743673536,0,0
2675.705638062772,3,0.1426646318708712,429.27239144709677,0,1
5207.800939905869,4,0.6718963285419082,432.0760560947378,1,1
11191.677622123096,0,0.5346346882968602,261.8221745448883,0,0
7402.262875847115,2,0.7631672137685387,176.9974725413227,0,0
5950.380134613655,6,0.31742440095295776,321.58906729938013,1,1
6219.906039265512,1,0.8226568842154036,225.70928424784717,1,0
7161.978141886806,3,0.8989554024243547,45.31322932435678,0,1
11882.739885637326,1,0.8354387507021396,192.01550471405466,0,0
13435.227989633398,0,0.7223139806665233,497.06570833441583,0,0
14352.35295430696,1,0.7498950422990246,29.013375663012166,1,1
11910.099100701778,2,0.5589953940356692,349.8501213909587,1,1
5073.399988346185,1,0.2521230903300884,421.3884090102673,1,0
10477.95323825486,2,0.6416325481181738,326.1193222203125,0,0
6845.245298803183,1,0.6702024016479452,287.02537442582855,1,1
4192.724019667742,3,0.8883081122143246,355.239436404485,1,1
12692.637901675878,2,0.5330410530050574,217.52465496332957,1,0
1057.1820599537125,2,0.3170952120200451,50.22405996789399,1,0
13575.54888596364,3,0.6469380173916054,481.37401838017394,0,1
7191.423237058645,0,0.8835006557331637,218.98888114217706,0,0
9739.421413720067,2,0.24177112661527522,334.3676723981687,1,1
10060.63187198385,2,0.3607983348284821,267.99866626020116,0,0
13479.207240244777,2,0.5335047630181449,32.06317062888951,0,0
9731.710391424505,5,0.23617170790560388,476.60956749130656,1,1
9402.036979020895,2,0.1177765116159507,397.30592692659,1,0
1466.4545881300046,0,0.36958649795300047,78.80345776235049,1,0
8016.916318205459,2,0.7922966412008464,490.91619376269205,0,1
2677.450511847104,4,0.13477471945897188,369.7661792249954,0,1
11192.78964646154,0,0.44314324721353404,238.79921696201288,0,0
7927.21785178378,1,0.709760618340866,307.62817799698877,1,1
10363.302798521123,3,0.8625460775287083,57.83465759722577,0,0
1104.2570587345717,1,0.8883803192035459,282.40369745772745,1,0
1729.4842326641467,0,0.43757550448699334,41.462230648444404,0,0
10886.689126908892,1,0.860307435503294,274.70335227405445,0,0
1545.2228719807638,1,0.12833517862469102,278.58436593757875,1,0
1533.2225525962497,2,0.696733550398845,437.8471986545682,1,0
675.572890905868,0,0.6141968277068903,363.9034626347855,1,0
14369.270275342462,1,0.29961748606892186,128.52843414648441,1,0
11193.8712121556,1,0.5058548005437191,444.7709403829891,1,0
5622.145423279931,2,0.2036429902083965,288.75511909976285,0,1
4799.765928671,4,0.7972777207612488,305.1578418941467,0,1
5570.696831314818,2,0.3863184684365184,88.64577776497828,1,0
11732.476202127136,0,0.6008355763725732,429.59793000471143,0,0
10089.87386052101,2,0.2270210290298098,465.8277319331893,0,0
3185.335734078285,1,0.2649318757049657,388.6203714999795,0,0
3024.585362344223,1,0.8935650966425216,470.67246405927807,1,0
1926.736920844261,0,0.7024691155530635,154.6384525405612,0,0
10074.389435669404,1,0.8695774958192567,431.2539883395717,0,0
11583.40360221517,1,0.33668093216963535,247.00210571755255,1,1
4343.173210712559,1,0.23165030129585631,86.13901545707454,0,0
803.7019349482357,2,0.5024547707830648,336.05629652153357,1,0
1691.4891784081965,1,0.49573462578187477,343.63953399941005,1,0
14533.970505252943,1,0.2399572110063903,147.02763430956162,0,0
4783.949273422594,3,0.6865756556651281,18.609199155647183,1,0
11653.735643652937,2,0.3894220275509873,103.92439324735385,0,0
9557.621748386824,1,0.24909218474441383,202.88988609857392,1,0
6038.12477496699,4,0.36558671563463074,87.94364097463493,1,1
3482.465301835549,1,0.5509269597080121,101.04482437860406,1,0
2260.1030633113933,1,0.6811767457443546,198.73837886922342,1,0
9417.688036563566,1,0.48551270884598763,481.0843740827374,0,0
11732.189819247926,0,0.5204759918626988,383.3005401267859,1,0
9836.611676346394,1,0.21115674875419874,163.27545860714923,0,0
8189.380932112796,0,0.8317527397665857,476.0440141146814,1,0
1108.292739758726,1,0.8429793583936356,324.59516216807265,0,0
14543.087275118565,1,0.6467412723344029,230.44757409686937,1,0
12081.355778991332,3,0.11410512714721976,236.8085984827978,0,0
4745.919532163989,2,0.5296593727226608,208.31851157851898,1,0
14709.569775703334,0,0.6033751776708909,120.33106601024015,1,0
9227.28304972667,1,0.8957233783664881,196.38293514578433,0,0
8945.128544005074,2,0.8968535641558375,266.30871010147933,1,1
11347.061101728215,2,0.7860889882604459,266.3735386114594,1,1
12270.661927306994,6,0.15106479362089084,382.05976659519644,0,1
10018.93980630679,1,0.862621112622984,182.60493929288953,0,0
2357.3883223099,2,0.5901289977215993,359.81502450545645,1,1
5404.878836920227,4,0.7407094163833435,291.1554601904989,0,1
13957.21278472772,0,0.42575427974868285,481.11347524078303,1,0
3756.926371735853,0,0.3557355769876719,195.71603838682142,0,0
5896.421845643943,1,0.47059531638704644,451.1021498090912,0,0
6765.114802690842,3,0.21749961037506155,411.2180609126533,1,0
6871.372350569557,0,0.38565291100264487,320.64382087178114,1,0
9387.62394617062,0,0.7860939998146229,328.984661037348,0,0
14174.59964729826,1,0.1303603890087052,46.90171763017329,1,0
3990.0443215713217,0,0.2207024374596836,475.361179768749,0,0
2261.769956363312,1,0.20009292771958842,57.93335143039324,1,0
3363.3221029690912,2,0.4224604341601824,283.800487828036,1,0
13360.411053034408,2,0.8975895207126894,168.38504622233148,0,0
9864.256783500487,2,0.23868634416910617,217.77672925347662,0,1
4645.648443967822,2,0.21638611967940813,307.04059036422444,0,1
12331.23061504495,0,0.8320445838209236,454.8814320517492,0,1
12989.864947269822,1,0.8056404135727726,231.49572616828922,0,0
12774.45791100903,0,0.12579229599724356,493.9261298766884,1,0
13824.43473777354,2,0.701364768143452,298.4419723489924,0,1
4157.494792513743,2,0.6243725611811437,84.47420160787637,1,0
11448.107966821035,2,0.7141926478821672,99.05460094146989,1,0
7177.82271047503,1,0.4956019638367377,359.47496261667925,1,0
12708.979016905892,3,0.8931033747586364,29.94690815047397,1,1
11063.11481884339,2,0.13507761496877058,242.7690802300023,0,0
11758.487974246007,2,0.28749726912304463,78.36845935274071,1,0
10014.346646375538,3,0.4172367895788921,219.44322441303328,0,0
3072.71715731075,2,0.4598223532525626,376.20912392550116,1,1
8402.890324005606,0,0.837093922159615,232.11239947950992,0,0
14777.711223105369,1,0.5480034912618071,85.90829894555884,1,0
14092.126964208224,1,0.1360887964163151,129.70305832653798,1,0
1126.0191690566692,1,0.42629037074052956,186.93209638283028,1,0
2889.8148280768382,0,0.4331923298952559,39.432785825775284,0,0
2410.067215091148,0,0.8723927507502278,294.2471298601553,0,0
11026.708694786785,0,0.5793576728168865,305.7292266826348,1,0
12357.887282925703,2,0.6085208569271511,35.765203930620885,0,0
3595.914811504743,5,0.6706024250010166,204.1441039812102,0,1
7834.86404780152,2,0.7160314525456987,209.93033802793883,1,1
12690.1939061624,1,0.6080408561619913,170.2406864335376,1,1
11125.622399110634,2,0.2897554809071484,281.0811714639004,0,0
8362.439479631801,1,0.7992367314729314,176.24895757975534,1,1
9060.041511652207,3,0.6856958403285042,211.12259334151398,1,1
7871.22793028606,0,0.6934963880775646,399.77415598359477,0,0
4814.452544122898,0,0.8972453913877994,85.24413093794972,1,1
8692.818896455734,0,0.7420212278906527,311.46177417519334,1,0
10488.836879726316,1,0.7633211225241227,255.26922883696855,1,0
13163.182279981711,2,0.8611244125681268,156.01046055227778,0,0
9726.224632699097,0,0.2209071998791151,365.1296549627533,1,0
11536.262287125792,1,0.4981819011824543,277.8382379728682,1,1
2821.0387068413083,0,0.5644536188726301,241.2939558455442,0,0
7192.583379086954,0,0.3634205833779661,335.496310811744,1,0
635.3084874928528,2,0.7715226751156045,402.1337024507736,0,0
4076.843535563534,1,0.7099356973165788,486.47105106662025,0,0
11033.69486913857,2,0.6767064596064992,316.5284323463049,0,0
14881.24429456577,2,0.8977195518065335,437.84779277318955,0,1
1938.0824440146307,1,0.3075050987267124,5.540312806363687,1,0
6321.66757998868,1,0.6883658013403371,267.4666678993162,0,0
12101.029046137814,1,0.5411235799247205,111.25053664124806,1,0
3458.516702119033,1,0.3503913459951009,51.6252662561529,0,0
8548.73176488315,0,0.22846949657850069,268.32565344687407,1,0
11129.533792430284,3,0.8167070696540377,374.67912054380156,1,0
9431.789028772597,0,0.5763643861662763,209.07489862481796,0,0
3226.358651923534,2,0.7599470701126357,336.7031874254953,1,1
5653.076245943222,1,0.5362759872012359,247.4110306512702,1,0
11864.98087503826,5,0.27598166452321565,221.35750364991588,1,1
8536.284454914241,1,0.3700390504802602,148.677037015751,0,0
575.8293963722347,2,0.4052310739788373,194.38378967799724,1,1
11534.36602040736,1,0.8783478500029619,178.14883724324181,0,0
1012.0146466334666,1,0.10450662270510601,324.86265608736636,0,0
11313.139849602867,1,0.8885328184196056,62.42916308317407,1,1
3435.9681223959424,1,0.8843693080878645,50.855002500463975,0,0
14392.065461731014,1,0.8969206324241092,331.7064321331879,1,0
5835.140893880225,0,0.4812705431357077,275.41754459004596,1,0
5240.508436902147,1,0.8710471756967997,217.9490478876155,1,1
2658.876729820448,1,0.4164793454798619,80.45922778191226,0,0
4931.261124608116,2,0.12103555253470938,208.4584203753092,1,0
13211.436046508908,0,0.27947774909741163,395.91722284340574,1,0
14946.847895595087,2,0.8562369959499078,445.3625117156822,0,1
5840.488192349301,2,0.11101175466831999,352.77540213228895,0,0
7004.854148840867,1,0.5367953083383801,34.65652706103601,1,0
10970.028603939687,1,0.16048127111574326,336.8528394175537,1,0
13349.83881674358,3,0.32911726274206277,124.2878668254158,1,1
9099.14284570837,3,0.17047428056950933,161.0493652980705,1,1
6177.122623578525,1,0.7876228968904452,101.95723794019234,0,0
6483.016692305045,2,0.5728565677181646,388.9991163570013,0,0
10586.4631242037,0,0.8216851725746503,326.0580507054531,0,0
546.6648222620408,3,0.6506825596321827,307.8583520265945,1,1
9484.04539316769,1,0.8768233049960797,335.64644178629163,0,0
5654.648651399682,2,0.5079021238083253,122.20226939493217,0,0
12015.861303517722,0,0.6109684654102996,225.098985091054,0,0
1848.3642774354164,1,0.5610470559112453,318.4605921667496,1,0
9028.932870751662,1,0.48740834355729024,320.1140436710587,1,0
7474.106903348795,2,0.7767674923384101,396.9666720637896,0,0
9813.720125625798,1,0.6156201085362881,147.11646351061472,1,1
1440.377120003041,1,0.7410498118843782,386.31638023992707,0,0
8909.764917707904,3,0.7290911492819306,222.89131790538318,0,1
8641.526525413094,2,0.25283612852423626,336.73548256917275,0,0
8629.571369034478,1,0.620130826014115,230.58109313231697,0,0
9250.571165648595,3,0.25971841534506734,474.5620340465169,0,0
10308.785089782252,2,0.5666563825950167,93.754621047114,1,1
12172.340495371162,0,0.6419477475570404,339.12751884826673,1,0
4412.4004418591085,0,0.8977880572700695,290.3848253802386,1,0
12463.2164476109,1,0.1244335825197907,90.50186526913357,1,0
7724.707392820078,1,0.17299391529097674,37.673136226775625,1,0
1617.3450474478018,1,0.16162135709698522,400.5764725409735,0,0
1348.9884740376983,1,0.4186890290133921,82.93841015490126,1,0
5346.455621092881,1,0.757270689188651,97.32080797895911,1,1
11881.006168116279,1,0.7752450662297086,489.32494087457445,1,1
10761.373553743279,3,0.6895836765769213,360.04412148093223,0,0
11934.916987749893,1,0.8175025934639581,128.9909865926051,0,0
8000.401318403336,2,0.358287955335562,297.51973527504265,1,0
6882.885470354613,0,0.1705237154018393,269.3853600092441,1,0
2638.0616372411173,0,0.1465224223918801,423.01426741935455,0,0
5258.794927335018,0,0.781706175695509,366.01377017714907,1,0
6793.280809521191,3,0.684349035482953,416.701957119127,0,1
1784.7062303544499,2,0.6588922448088967,109.69576104879441,1,1
3698.8733143125633,1,0.37174107083653507,321.90850616166756,0,0
9174.266763924214,0,0.403924150894581,24.91922491709826,0,0
11167.115156468253,0,0.8664908231194554,39.12560307821395,0,0
14976.03891519777,2,0.15104379527834802,358.1958811887757,1,0
14030.143304481586,2,0.7189853895502342,17.08795080874602,0,0
9817.195393260277,0,0.3477066589667145,291.98367940575207,1,0
6608.096772764044,2,0.13124369473004488,421.00052373004235,1,1
9724.571788269375,2,0.6940560885939648,193.07119516692416,0,0
11891.948462163364,1,0.3647295085426997,27.19601623575683,1,0
2215.874768389116,1,0.6777180149942372,358.35448756621975,0,0
6443.620900596179,2,0.6661235064944961,465.19479396975464,0,0
12677.13314171645,3,0.5278295003464921,359.99983906884256,0,0
6065.5778030291385,3,0.7218985033684391,291.33138528637375,0,1
8792.147932794205,2,0.5648306593369948,118.86427079013473,1,0
9022.655732501875,2,0.32930948227860857,12.610933902026012,0,0
3174.905670437771,2,0.6872922408515352,348.86269369713136,1,1
5752.413903958181,2,0.5713118527021789,119.35795704292502,1,0
5350.413686758016,4,0.11018182535193644,429.790525205267,1,1
879.8522737149395,0,0.8213153422162475,235.8502388221426,1,1
850.780576424651,1,0.5365148946594508,267.6646132743658,1,1
12559.607133298716,1,0.7949018123836255,378.1985894118515,1,0
4459.526744605781,0,0.8061894711857958,390.8181508626549,1,0
8012.142110462823,1,0.4559733253880708,323.1121623748812,0,0
4831.520817037209,3,0.5061279971609848,469.5237486293078,1,1
14139.849054172437,2,0.4326035101404816,491.23772597860756,1,0
4259.8030035537195,0,0.4595494202464364,473.70829496543536,1,0
6730.023784714559,3,0.8161177271773823,412.96869674525203,0,0
13154.588632026727,3,0.7305152111743288,354.2844840209045,0,0
12708.036718481226,1,0.2012205410524624,333.34629965142545,0,0
3198.470558771021,4,0.5882462252320767,56.35633757566428,1,1
12138.3279920378,1,0.8967253123090738,139.38475167546068,0,1
7143.709857699443,3,0.5764405609859886,7.815670647041632,1,1
7503.048645237651,2,0.7286973004744844,73.01788576582598,1,1
2435.459600031185,3,0.7152491787049368,222.41859119874823,0,0
1668.7219494783076,1,0.38025402069786285,77.5355926405913,1,0
11055.119951119595,1,0.3974794421631671,451.32339026499517,1,0
7698.686709151846,0,0.6792611374323225,403.82109674096455,0,0
6834.335187920104,1,0.49998682528386806,40.44789648431152,1,1
11077.869315459753,4,0.5564565673043104,128.2122891562967,1,1
11599.937035371091,1,0.6703246322918701,410.44058288269684,1,0
2804.168431205627,2,0.7220600216312402,402.5078326471374,1,1
9348.2646674258,2,0.31721326218645707,472.99802230830545,1,1
2462.6341930264402,1,0.21743500754957035,498.7861420005933,0,0
11394.938747421162,3,0.3334357173789802,488.2536813043553,1,1
10025.849765873523,1,0.5060306600736605,208.01830293211353,0,0
14370.91200571014,0,0.3737130538376313,128.91257968200597,1,1
1499.8912371681072,5,0.554690207078075,380.41304426139595,0,1
1327.2934566931876,1,0.14277257930050277,153.14008190829523,0,0
4591.712583051401,1,0.5078003292910138,404.16817826500824,0,0
4294.732414170637,1,0.39438792555016633,269.30759154697256,1,1
4081.1925865439975,1,0.5277334039143059,397.99400124130216,1,0
13640.691417555032,1,0.4380266839079815,141.56054045992016,1,0
4118.419897817838,0,0.327380680510034,256.4735211991413,0,0
4443.27102886515,2,0.8232863243661086,284.1917778330801,1,1
11511.274805060473,2,0.24781199073708554,471.8384935214654,0,0
7021.22771553283,1,0.6450924604644477,136.96580053105657,0,0
11762.303075850128,3,0.8397157700659313,468.66067844602287,1,1
1447.8092846835862,1,0.5309359677483465,403.40516315552935,1,0
7569.7823082640725,0,0.8011267908635856,366.79255677291417,0,0
987.3972026575982,3,0.1998811827466275,394.50078324663696,1,1
1408.4714501026406,3,0.49503101620512646,304.6853977106282,1,0
13643.34307349396,0,0.4656202243847515,125.81960517893049,1,1
2519.05788120513,1,0.10649504562959589,98.8000095757271,0,0
8220.09989299065,2,0.4546058730874676,433.8390107459433,1,1
6460.886237710245,1,0.39522380510607824,363.9440042849374,0,0
5536.478230753219,0,0.6358389822196923,110.53611996666977,0,0
13547.583512465451,0,0.8506638228612149,309.47121610782875,0,0
816.4392532445977,2,0.16863287060962923,226.5355083000408,1,0
10124.950449546042,3,0.3619811093716985,83.53430913173149,0,1
14469.21929609648,0,0.4552517899154015,268.26926913179636,1,1
8622.438660196709,0,0.4641483024275067,144.35195077087656,0,0
14083.92569947983,1,0.7198477766738031,52.64084145799792,1,0
1257.7392496473446,3,0.4547165326667527,236.14435777997835,1,0
6572.5031265753405,0,0.1217290411629227,297.1037332863131,0,0
4272.287968949742,5,0.6680832756742651,28.2186731386695,1,1
11096.903992220581,1,0.8078637561165374,204.03591095844342,0,1
14728.807812210076,1,0.5111237700397383,132.54265031915924,0,0
4219.685905441593,3,0.5648868173588043,20.172042400080045,1,1
9985.53172137408,1,0.23034915117523688,67.20296205769537,1,0
3372.415675016232,0,0.27651675574316564,73.82190861509689,1,0
8697.288691288344,1,0.2881361912996894,95.52275281839572,1,1
7227.021056980875,1,0.44459357990503623,402.671897861771,0,0
14594.077279657287,1,0.8425161767165137,222.5484739066789,1,1
9323.645454098765,2,0.5174278133719089,77.80756617384151,1,0
5567.842395258873,1,0.25367811616108216,54.64699862930518,0,0
2154.388880875034,0,0.3128701886951597,152.48052707087433,0,0
2693.079016656551,2,0.4072120237817475,400.0176817587039,1,1
3767.0954842929086,1,0.5986071805542396,185.40762473012353,1,1
4139.016589434321,2,0.4520265224032043,84.14919334549936,0,0
12833.932838696499,2,0.41395587534154,205.03750986534916,0,0
8637.730430096612,1,0.5517828803191959,279.87922085709346,1,1
8089.168214928313,1,0.2934679959635724,19.644170900816857,1,0
2164.1486421036534,0,0.16312261806766576,315.6826917128857,0,0
12972.025553566808,2,0.11953145185777769,200.5748727423207,1,1
10980.807396523014,1,0.3010073307737017,9.814308189941219,1,0
1481.191247550023,4,0.17327362731557497,338.57525247845854,0,0
10763.608909831646,1,0.3690725108166134,357.63187960351087,1,0
8381.304151468368,3,0.7183468322878045,316.275695336548,0,0
1685.0175133282846,1,0.6730354643894707,174.255457711219,1,0
7145.359302165519,2,0.5887420982304231,267.15440276265076,0,1
7528.096163385681,2,0.782000195103583,196.6430645360505,0,1
2903.7308323674984,4,0.32565409963542136,351.80775642904877,0,0
14212.623131504093,1,0.8080430024239725,293.8721921856759,0,0
12824.642886469597,0,0.4193913357353434,45.490561344587626,1,0
10200.82389127207,3,0.42071465461330126,323.3313113184037,1,0
7203.285634508805,6,0.4242812909004172,345.18301509721175,0,1
6470.600352975373,1,0.17847549299278517,188.4975794042762,0,0
9939.115273688836,0,0.8803923986648446,438.51396157505366,1,1
8408.762106400129,1,0.21080542226012736,422.29210564825655,0,0
1402.9600352873413,1,0.37270857957534764,91.70742933037025,0,0
7931.28840716981,0,0.35544025626140574,452.61182270050494,1,0
12192.852449876173,1,0.15974354625336773,223.23182389006337,1,0
7158.978225155892,1,0.22180810408950136,363.2560780539752,1,0
1253.370374536892,4,0.13588666894830867,407.9780184487818,1,1
11901.03389106848,4,0.3339235948484108,255.0306484294965,0,0
3419.7748409716287,2,0.7933255392231252,202.5554599885538,1,1
4250.002105876562,0,0.37155376458990763,458.1484274644737,0,0
2888.2421247682905,1,0.19895346565390337,119.27250870303449,0,0
5288.118440636715,1,0.6165550947071343,132.2001884709765,1,0
11472.896832485209,2,0.8972807296439285,184.00205543665135,1,1
8031.094962807091,0,0.28585903162554205,430.43556009542993,0,0
3470.778475185332,5,0.3236568042964556,469.70019078547256,0,1
13228.536133204592,2,0.8774776434246309,113.93351880365663,1,0
13253.936896797173,2,0.24302103004038972,432.61572307746644,1,0
13123.3871631671,1,0.5089712539673311,132.8104649369418,1,0
3962.5450650323196,1,0.2917217064128759,485.4674171411946,1,0
7042.970490624328,0,0.8458815183209951,300.71690653088325,1,1
14782.35001404269,3,0.8852168116610353,8.507801386454286,1,0
11694.180906494861,4,0.7517582768960124,21.894302515233054,1,1
893.9276077706174,2,0.3518270526502485,78.00484274833069,0,0
1445.4665732771348,1,0.42278998022440406,97.84871312028457,0,0
7227.004963778825,3,0.2938445469331371,384.97146579916534,1,0
13683.692984992622,1,0.8126063736071932,115.2691088263902,0,0
8311.176070314355,2,0.8316466221505265,484.7251019246806,0,0
7718.281366497208,1,0.43509652979683777,319.87546831545444,1,0
2029.3686493711434,0,0.6252264559224014,347.7961670804913,0,0
10023.311518502263,0,0.2324425438197551,112.81917704617771,1,0
12420.49582870327,3,0.4479487202907272,446.88962547706694,0,0
6016.090108859654,2,0.6051992853387981,335.56821354586606,1,1
11746.371838417248,0,0.4083224948144156,432.8807840492226,1,0
14484.911481561769,3,0.386079620549168,478.45814312945737,1,0
3454.613657351492,1,0.10079919381355414,67.19228366925023,0,0
8088.279652323748,1,0.7434347710216913,52.810678983128106,1,0
4663.500392226345,1,0.8114700896171586,402.6868741618697,1,1
11996.38907599067,1,0.8755708236366657,433.7323992516143,1,0
8875.103805276784,2,0.6754171080553724,293.9619033346029,1,1
9701.445054479405,0,0.5390338498959076,186.1702711365077,1,0
12069.755314430464,0,0.31542761584696755,328.05166985723577,0,0
6241.571853605596,1,0.8994395807707988,156.30371593326637,1,0
13768.805991902127,1,0.5718022836256845,123.00091761596674,1,0
8228.91857506903,1,0.644923257864357,246.6318787159964,1,0
2790.344931112546,1,0.6459249295642542,111.99614466515794,1,0
10590.537213447635,3,0.7762014366057451,244.43328611601058,1,1
12002.28958135469,2,0.10773803107753538,478.5202202044681,0,0
5093.044317479137,2,0.27619755234509746,420.6930976306083,1,0
12929.099226481918,0,0.6324272001360112,471.10730515251106,1,0
13639.077194103613,0,0.8161165894596543,404.1328425494425,1,1
4515.115066978229,2,0.6482710255370849,180.60171329340696,1,0
14761.06135437072,0,0.4307930331949441,406.96239308302177,1,0
2540.317156706997,2,0.38924439669620925,461.84329305884097,1,0
3429.2271918361043,3,0.6903584066266564,473.78271497934196,0,0
3171.260168951379,3,0.6929901577097548,343.18293608907356,1,1
13462.850795114122,1,0.5856463940045523,109.62648868848102,1,0
9987.242008711946,2,0.33317361927786965,24.665930915521972,1,0
2705.5121067229566,1,0.8401238547124349,77.8641129392771,1,0
6884.6895663410605,3,0.5415039536949113,482.94572435750297,1,1
9421.82136351213,2,0.7323938849986645,233.73792797542086,1,0
1710.2292323460576,1,0.2714466097294653,428.2180773418685,0,0
13295.03734190641,2,0.37523263089178227,235.1968560113541,0,0
12152.25126390226,0,0.799663613109874,332.1047038126205,1,1
7825.498216861254,1,0.14008562395197474,16.949684675555154,1,0
14523.33592125797,0,0.5098522490053297,128.68314664608656,1,0
6557.534199488946,0,0.4853643838752072,220.95329362108168,1,1
14769.599626029218,2,0.7009841511264657,317.16236834131075,0,0
10184.839982652593,3,0.3255150164794659,89.90298808632336,1,0
9702.733462182152,2,0.2752534574876796,383.4529748138926,1,1
2906.3459817888825,2,0.840906271018587,185.38032953743746,0,0
13287.952495417338,0,0.5573677215667718,409.6304582707728,1,0
6698.6004748489195,1,0.1837516546269236,53.49469974555831,1,0
2852.3843838459507,0,0.25442892977145687,341.4795109027741,0,0
682.8090396485061,1,0.8990608476113987,150.19752493722254,0,0
8616.457412756547,3,0.25648719700175393,398.71467119069587,0,0
8147.294520778807,1,0.588380409082943,204.07436138599323,0,0
10930.6275243528,0,0.4361024631964945,334.3480679704654,1,0
13408.741768758131,1,0.8084792758798683,467.4811079750544,0,0
1651.3954773239282,0,0.7041348738362622,15.210182846813357,1,0
11106.699109935254,0,0.5775611170094527,10.502807255514949,0,0
3217.473189414942,1,0.108591185438386,386.2882298274732,1,0
12943.567270778878,0,0.8038361659947677,324.9645604964987,0,0
12376.420950994014,2,0.45573397667097304,150.02496164969418,1,0
8341.509447290395,0,0.8452621224148612,249.72636787325987,1,0
10798.520580038017,4,0.496431210283361,25.75815447144003,1,1
5058.076641164352,1,0.6553795913461804,100.26057465381419,1,1
7331.9345345258125,3,0.15543411957331374,215.1257053909479,1,1
12413.735016801838,0,0.6961213228214287,417.85198602963374,1,0
7159.345359011601,3,0.3703968250495383,242.43525551574197,0,1
5688.074847218906,1,0.3810872114654247,295.24943974035943,1,0
7666.080485129349,2,0.19492467576751196,437.50812703692134,0,0
12509.614160339666,3,0.21748571891216184,157.86536222647842,1,0
5360.516686877654,2,0.2486072449649681,351.8461639455177,1,1
3019.543100468285,0,0.3625649348571379,431.5252930457354,1,1
10824.203294796322,1,0.8135759302204844,105.29477184460748,0,0
12476.684084267186,2,0.3946081905840644,181.45669174817706,0,0
1959.2434385912334,2,0.6794901652505747,490.0060360752308,0,1
3978.1746349611985,1,0.16619800311189714,491.69318957412446,0,0
2558.5938515344114,0,0.5728790394175941,115.49881549549926,0,0
5545.1504679414165,2,0.48551298501635165,37.89069025185092,0,0
7030.0891941284835,3,0.8823663575636037,139.10619759847617,1,1
11357.981885967944,5,0.7769662159031704,201.8773188653252,1,1
9941.639980784275,1,0.4638638179509198,223.29777246092604,1,0
9503.464228437251,1,0.7201142112362711,311.3091221285597,1,0
5609.436725839989,1,0.25443099303502204,450.25386626511545,1,1
12700.989519729019,1,0.5498690619134224,168.5222658940454,1,1
7333.663927273386,4,0.15969524445496655,425.7423450721082,1,1
14697.02160121974,1,0.3784712258013465,51.27206585868032,0,0
9695.061005288184,3,0.28068974529773627,25.727975991741285,1,1
2330.8387526852894,0,0.6751278522601687,254.5023656461133,1,1
10304.574650093793,1,0.4920725529714892,34.53280054864942,0,0
5214.008223759635,1,0.7008563830784084,199.28245161094392,1,0
10451.744351948413,1,0.5122363501051564,448.905167850271,0,0
1509.7966483548832,1,0.16918755372131083,124.5341029226993,0,0
3035.780839051411,3,0.6882941197860214,354.45800868682704,1,1
12908.190254133902,0,0.7665834111902445,154.6708692330831,0,0
3794.103576840966,3,0.822824980730234,27.235427344857122,0,1
12637.096316022631,2,0.5575935562453666,280.5618377981031,0,0
4549.503282588951,1,0.702868287199596,418.2524778156921,1,0
9821.78769585126,3,0.7016354695061017,207.6868819295966,0,0
10565.18331589255,1,0.22459980783915548,310.5604440967531,1,0
7933.493920603268,2,0.2313765499676566,450.5116808405743,0,0
4927.004812102604,1,0.1567084046473009,395.89878380480894,1,0
3583.3434573808936,0,0.35593090811224115,100.96881769944555,1,0
981.2456411551802,1,0.4788068701928516,368.0250598856779,0,0
4907.222817990495,1,0.8983182822033736,253.43704745427524,0,0
9970.860462703604,0,0.4447946736545356,374.25356990361195,0,0
14105.419867502998,1,0.6809940708058967,249.785197508498,1,1
13132.464992814253,1,0.6547176210180277,68.33929123360991,0,0
11607.939259761888,3,0.26358556020046364,287.10517611117336,0,0
11932.486477172832,1,0.14680572115954915,248.60632623668326,0,0
10142.281100401931,1,0.53680540122687,261.3712581525137,0,0
4274.159434707044,1,0.6602444738515809,440.05671455470576,0,0
13654.327945234532,1,0.8986014321490048,447.9443381195945,1,0
10225.618522634593,1,0.38688884182493666,229.50086784903058,1,1
8626.389149216378,3,0.8170916496648774,230.58736043364374,1,1
2109.3473035954758,3,0.4055459646953492,260.01754464194494,1,0
6982.305385193169,1,0.6515293667444102,262.19669277545717,1,0
7175.194932427931,2,0.5786023444136416,475.44163636866074,1,1
13036.172338078715,2,0.14238303464207755,326.45323135185924,1,1
8426.399192722933,5,0.1627107415762068,142.34121246953225,1,1
6015.80796007094,2,0.11661127177956879,268.110714492225,1,1
14663.60476340456,2,0.39666726767519156,315.4756735394515,1,1
2105.448603231577,2,0.6966408390128086,321.6870019019124,0,1
6626.952210523197,2,0.23820431519257818,294.70084198790045,0,0
1109.3577899853767,4,0.5846823747071167,92.97939653766099,0,1
11228.60975112049,1,0.3310622240248623,21.6286285943562,1,0
13812.110006887684,1,0.7375940991832577,172.23231092159293,0,1
4560.5412784820965,0,0.7387169192023928,216.6234665073255,1,0
12945.954313587254,6,0.7203316119731389,35.59309859016287,1,1
4737.164341697518,0,0.5198668110411014,408.40883231982383,1,0
13706.16734383677,3,0.32765336806388135,175.31833156758552,0,1
11432.447602153366,1,0.7475552351029077,457.2482093583598,1,1
12171.14826420086,1,0.2488804495513932,81.43300338192125,1,0
761.0950562065902,0,0.33180768162292484,33.18280368397015,0,0
14460.750177573376,1,0.2471581649284973,243.74647167122927,1,0
11036.729385019687,1,0.6393681283101181,98.61902172872479,1,0
4918.890883098933,1,0.6489888224926544,469.0126414110413,0,0
12526.222640453281,2,0.6220079942294024,10.100182234600783,1,1
4582.057377016485,3,0.4324811734917343,209.2467391542223,1,1
13154.930673708855,0,0.1801368057611466,463.7401468158583,1,1
2132.4156609730867,2,0.828935667612017,195.28701233123533,1,1
10703.44667318154,2,0.5061847712097906,51.089093897228075,1,1
8340.1279113512,2,0.42557775592887326,154.9329967165846,1,1
1899.7498178338917,1,0.5710599145986346,251.51514494804456,1,1
4007.4605097531653,1,0.25423234865528466,96.65008523494988,0,0
679.8585260210644,0,0.20603902328389953,235.94804404591463,0,0
7297.1354992353345,3,0.42442017716635483,418.98988191398956,0,0
4868.346281020005,1,0.2817765552799284,436.94589524732345,1,0
9176.183522317502,1,0.29543223562973164,29.384063681812396,0,0
4809.948211774949,4,0.8140091902228236,84.64716223602389,1,1
4848.827116851278,2,0.52460734174866,141.26861720456807,1,0
11276.30138160825,6,0.48677525145868095,299.4585961893629,1,1
1198.071121686125,1,0.6515836749828778,183.69240560227124,0,0
13591.977430283814,1,0.8612384909413917,422.80025215580736,0,0
12857.82617867213,2,0.18975885157645128,359.7525748000541,0,0
10183.167906782894,2,0.7668276536874058,54.72573144118656,0,1
9101.712766557072,1,0.5672153438942767,314.15596374348513,1,0
13438.386223024958,2,0.21693228304946982,60.94124954675432,1,0
3187.2876031663595,3,0.3377194549511933,131.24265647004773,0,1
1645.0528517670148,2,0.4858891331717916,93.04596359944289,1,1
3972.8974636883027,0,0.6529417156619384,90.66566485434895,1,0
12021.385041152758,1,0.29408561356276175,310.1157847645453,0,0
1002.7188675340083,1,0.5279030523740719,283.98443666430995,1,0
8950.6991087106,1,0.6477373019326894,92.1339356299248,0,0
14933.843984773994,0,0.45899260067800496,495.13553868212375,1,0
12907.593360644321,1,0.7904207688961407,213.8091825223054,1,0
8060.962491132047,2,0.7955672822723235,53.049317436693634,0,0
1422.793184656314,1,0.47655297411235664,64.68166339278199,1,0
12554.915958592792,1,0.8783405683271197,294.0273882946644,0,0
9185.188368569552,1,0.16046807392435786,489.63935467481906,1,0
2166.528457363719,2,0.1026899026583493,288.11579530150294,1,1
1860.9306299386649,0,0.40453461104313526,474.7755309252354,1,0
13689.58888183059,0,0.5808776490980074,224.84576112522325,0,0
10203.403812602137,0,0.6033601259597287,220.74134630774594,0,0
12524.658590092955,2,0.48115658903506286,252.50364286136173,1,0
13245.194054092875,1,0.19990665059251694,350.22560178699985,1,0
8790.699104700672,2,0.2363980174303154,186.96990339340965,1,0
8002.972100448099,0,0.7817183870816073,432.62358617608373,0,0
6741.197449654358,1,0.794328905391409,19.494285460232387,1,1
5095.72552297123,2,0.6391188302885762,222.68327653907895,1,1
6801.641432451321,3,0.6313743778231059,257.94096574005937,0,1
11721.255008087268,3,0.578145702422246,305.4809579402326,1,1
9227.889749719408,2,0.2623407085615906,141.65559662110232,0,0
13441.587704345267,0,0.4426005602079226,216.60258563798848,0,0
6929.010208498222,1,0.656715721170703,244.84618635595805,0,0
9302.798891421933,3,0.529801817602671,345.02043944819053,1,1
9653.959519833836,2,0.11486426724407935,387.90437144422793,1,0
9079.60885344172,0,0.8628454453760787,370.2245270351747,1,1
10688.189709739987,2,0.7758528420577148,174.08361088334473,0,0
3942.785291434691,4,0.3084360112877903,499.728008881022,0,0
7929.274774413964,3,0.593167148133037,425.0893293346538,1,1
2011.2596407210413,1,0.8385915069825501,133.71156970675963,1,0
6075.414250849782,3,0.1768088096909211,101.57737380804963,1,0
7571.1724950083335,0,0.5024235846373605,160.4405190387783,0,0
9957.251763409351,3,0.46499442067703567,228.9107022348242,1,1
14282.700262499951,1,0.4281640042268259,426.14569226820885,1,1
9209.44046495116,1,0.76847088711434,390.28932057829456,1,1
11282.111784560117,4,0.4045169173579659,426.36683113540863,1,1
7840.85786268044,2,0.15093066659280607,139.6187718806126,1,0
9694.508454956804,5,0.152670193731442,298.76330511365893,1,1
1528.5171339397148,3,0.1341956852196872,145.20828582730036,1,1
4188.677922206782,2,0.4273163374992298,58.966464556149106,1,1
5746.869851474511,0,0.674725022158688,343.67788301996694,0,0
7351.153647594447,2,0.2629779695444124,75.7837878417422,1,1
1161.9068097845643,2,0.6171748163452395,335.51039204470334,1,1
2530.349414523106,1,0.6496707776829633,325.7423309281775,0,0
4513.807462973934,3,0.3041616992124784,406.07297998988844,1,1
14587.224018065235,1,0.5804461248485034,74.07952925896437,1,0
5304.531602994236,0,0.6478946720214779,392.82267351186135,1,0
7489.595342625196,3,0.47329089824170056,499.64188034338736,1,1
3343.4168347066975,4,0.36937327782407603,426.2660120500216,1,1
9356.31103059864,1,0.5953212412594618,377.14697778219477,1,1
4569.906624981628,1,0.8822776698624456,332.7718505738803,1,0
3501.3923873571885,3,0.4414731274951825,213.78183491928758,1,1
7990.303112466697,0,0.4133880770280969,366.5975831063431,1,0
579.834087826102,1,0.4714135219408907,363.46812739452434,1,0
611.1284734137672,5,0.16097471475603858,317.59164993020767,1,1
3676.4977319769378,0,0.542530623737112,399.1577972574251,0,0
1032.4597562619065,2,0.3629579097738109,227.13812477128317,1,1
2066.3734348950247,0,0.19713769786501,65.02009250553337,0,0
5413.479415411898,1,0.47300539289389876,281.7385251665725,1,0
12137.492353907286,4,0.10270718925918194,136.1965467121146,1,1
8794.705328854861,4,0.4214281961302072,195.29438322742936,1,1
7933.682026368038,0,0.1845882143411604,13.620377450906881,1,0
4755.587936517763,7,0.11943416271982424,194.48134101935224,0,1
14010.428931775838,2,0.7595800369956017,405.35654753705006,0,1
6256.718097939279,2,0.8329990426261079,273.64757163443613,1,1
1762.8451185386866,1,0.26613971868728536,9.851260832315667,1,0
9447.464483708118,3,0.5314386110674091,237.5726910187244,0,0
2150.6567054107204,0,0.32236652570478797,149.26856558447668,0,0
5505.735570624535,1,0.49486195093774576,241.3875744215997,1,1
7857.473111408229,0,0.44930505671532817,205.32289711669912,0,0
13176.226607935048,1,0.31524084406438857,466.32971368090386,1,0
7656.42541493172,0,0.6603148637082381,25.382762986692825,1,0
10682.752107459131,0,0.2011927674562034,343.37606558455644,1,0
14895.84416548652,0,0.1424582257370937,426.25816516936203,0,0
2406.592238520733,3,0.7141403464298234,479.8230994019853,0,1
4483.607120033033,1,0.6327440249765439,92.92993213942647,1,0
6221.353096165873,2,0.49882089931711837,267.995876973266,1,0
6616.508588813055,1,0.47423181637803324,26.576840772019896,0,0
6459.805591350414,1,0.497929103593141,252.0958446052688,0,0
13660.359537070046,1,0.44961926087893833,67.10175432278605,0,0
10853.473344769418,1,0.41431383666494337,419.75885397586313,1,0
9314.625604315204,1,0.49975248230889624,61.365651289655595,1,1
4985.904409010341,5,0.5228121369278084,259.07773839131517,0,1
12444.960571208772,0,0.6535218512668968,262.9425541514131,1,0
14348.37741653234,1,0.668965728587218,485.9669964761447,1,1
12407.375096978285,1,0.4021032641121157,329.21544354924964,1,0
522.6940252763571,2,0.430832418194791,147.48094507301695,1,0
9727.819867659402,1,0.3989577357889784,124.19565841937855,1,1
1241.4630309104605,1,0.5292286189005683,68.48286179430713,1,1
4235.304694838967,3,0.46268283033135627,379.4747884042845,1,1
1363.1081550426893,1,0.8116771705089548,346.9245448102576,1,0
9255.034067766122,0,0.6570890135331781,306.88917801751245,1,0
10455.5537456428,1,0.8189251070035565,25.21601926024423,0,0
2160.0707519556245,1,0.6673095932475405,382.60028886517574,0,0
6065.663804152203,3,0.8767937188190513,322.7343506884972,1,1
7115.429379855359,1,0.6085894226042152,482.1249897146917,0,0
5851.268815533291,2,0.8708401105304437,295.665054289022,1,1
2254.862507035299,2,0.2265359123275409,155.45619379754552,0,0
6574.742957718394,0,0.1419821446635231,193.8526733337135,1,0
11392.081693222062,2,0.5633001481630874,92.04114916222508,1,1
1529.6111357322043,0,0.8867945646398199,362.8425201896857,1,0
1662.6102041876,0,0.43408419784191743,355.32222171075404,0,0
5644.183731621771,1,0.26963468975436766,104.32175766144974,1,0
14155.022818474414,2,0.5172331593548112,83.4522149752279,0,1
10194.303377482254,3,0.6190388996631109,43.117441935086326,0,0
10340.71437175219,2,0.3521429564127112,456.4279931224705,0,1
5747.839867149042,1,0.6718154867994076,120.36956767895131,1,0
9108.081472523807,1,0.8800916056365806,175.36094574214295,1,1
646.902168402279,2,0.8175704973684935,143.84973164685786,1,1
9723.392672938362,0,0.3332682988097562,209.74417829234156,1,0
13742.660739855433,2,0.3613789465156787,358.45415569432924,1,1
9382.315290999879,3,0.39723297955967085,435.9448386945108,1,1
13168.629605262004,2,0.41564222271491624,95.38638101662738,1,1
10997.60930425836,2,0.18025559935462354,344.77411015187676,1,0
2248.0970378535085,0,0.7095702711114314,179.51826041003017,1,1
13585.572955644706,0,0.39227141088856043,490.36094830715996,0,0
1463.435743158736,2,0.8038559813643618,152.96498384561804,0,0
8242.528351942576,0,0.841552498496087,8.560513223890682,0,0
2560.988295005136,5,0.11954504744615049,260.2417871398234,0,1
669.745855598109,0,0.890802455942565,79.61188671658918,1,0
6619.496771850766,0,0.6680181852001477,27.024741275107555,1,0
4778.090260985266,2,0.5163137807943698,350.64326981411574,1,0
7547.007160065244,2,0.4116220866980427,367.46834484168596,0,0
8869.398357650987,0,0.5148145060877704,233.04601149266875,1,0
1134.2165484797367,1,0.35969977918275553,340.05833079450576,1,0
2283.547779294312,2,0.5981502509572386,271.42852688233125,0,0
8600.314748531167,2,0.174384221155833,316.75154832235614,1,0
5475.926621003544,2,0.5968980823294482,300.3684667280408,1,1
11073.015569466996,1,0.3202758801107553,334.5822682075182,0,0
9958.228904583126,4,0.1141078632418771,103.81717109321977,1,1
12761.263263353649,4,0.542164612930302,138.0097769181666,0,1
10541.145986703767,0,0.5627582046821571,222.78175900630754,0,0
6734.0006221571475,1,0.4412552037692289,225.83336466249727,1,0
10258.016024719269,0,0.1578289860402535,388.3337972355176,1,0
4493.0270267035685,1,0.8146743622433532,186.85986131861836,1,0
4941.545732284084,2,0.5891446457823112,85.44005224929528,1,1
11940.284818851504,3,0.19257063965517568,129.47565539308255,1,1
6973.0829878229415,0,0.5087444612753181,111.29308368019305,0,0
12076.51493751611,1,0.49780345275877724,367.17170953173087,1,1
12425.124418190037,4,0.14832149503434158,237.81810923986112,1,1
12934.653896088614,2,0.585487762882358,355.7721954956368,1,1
13791.210919697505,2,0.7466611191372515,211.02874197502533,1,1
6749.285697442796,4,0.6992064433987826,445.4191232394331,1,1
5123.5688656565135,1,0.2623755313313467,491.8425523227536,0,0
8941.881825614651,2,0.7898340236433692,336.57204180779274,1,0
5882.0001398456,2,0.37403373252748073,432.58721583192835,1,0
9215.575418603377,3,0.8572067026335531,256.42696725017106,1,1
10730.995008335456,0,0.157398371380571,467.63731597518444,1,0
10481.872768135985,1,0.48896695081587416,416.63531040804986,0,0
5931.01686179176,1,0.5776995017420393,495.93039302418936,0,0
2919.4729246319157,2,0.29812007877968383,313.4313989872514,0,0
6742.67540770201,0,0.7171041509761822,390.70733643277316,1,0
2567.615089187677,2,0.6015165438485737,273.71972928921565,1,1
13406.407010165221,2,0.11448754983036445,133.2644516143543,0,1
5515.223180698932,1,0.5866948725569887,180.6038097092301,1,0
2739.666334738195,2,0.4931825875347572,447.5326802920015,0,0
868.9925186333877,2,0.25682336136280615,32.69423356631718,1,0
9864.424601154022,1,0.8965985816476237,297.78254360683206,0,0
9735.083603093777,2,0.817729755862092,189.37959608953378,1,1
5438.760415428729,1,0.3340061560232508,196.41280631275006,1,0
1539.8223882909397,2,0.5328567366388931,442.8627471748148,0,0
6439.618975980864,0,0.3532017119282326,427.64207540038217,1,0
5012.653678419207,0,0.7203966013088625,301.426975908372,0,0
10318.249276157636,0,0.8442651465571641,140.0948294651453,0,0
9283.79911706401,0,0.3870628855315069,240.3508913502019,0,0
5786.60905886433,1,0.744467399314902,207.10522992566194,0,0
3659.4420366973563,3,0.49872603417056394,180.04092445523517,1,1
14826.521509256081,1,0.4172628490492619,55.878861385861725,1,0
7083.023507343665,2,0.8507374816790159,273.8413739240836,0,0
10479.976418813438,0,0.5083237509752252,154.40649244786937,0,0
2538.0180298862315,1,0.47392840020597193,332.0999317491266,0,0
7541.050645061268,2,0.6379475215698744,163.00594823363772,0,0
899.2824381072496,0,0.3089873608146275,218.42592910172687,1,0
7829.099209701524,2,0.3598342966306526,30.918385226231727,0,0
14478.252403206683,2,0.8456366689908982,496.3063446032114,1,1
6070.997338294103,0,0.642823876349554,256.26713972121206,1,1
1065.4421823362181,1,0.7613097182168045,16.997609111265543,0,0
948.8589683304812,2,0.3168894095483437,272.9091760867663,1,1
6125.808019229607,3,0.5350321519438976,435.8252296562966,0,0
2820.3615787163135,2,0.8771170135915985,387.4133064617703,0,1
838.6053967586957,1,0.35496311922257406,351.9488086440798,0,0
11465.097402277564,0,0.2283811810536335,74.03500402652227,0,0
7148.583628787414,0,0.5087088065797313,330.5798540987988,0,0
4694.0491936034905,2,0.41025687097990093,384.31769711606887,0,0
13551.20615373897,1,0.22766178622937083,288.3474366629208,1,1
2184.0149229076214,1,0.8108411061626944,446.91075723757405,1,1
14360.823019852129,1,0.8925791284430223,142.1099419835183,1,0
5052.517401971616,1,0.5548657445519982,124.86162637092903,1,0
13381.853248475878,1,0.7197414146987632,435.4370237466098,1,0
9242.671708952192,0,0.7872306956370396,314.57213028076893,0,0
12487.256716251568,3,0.6607856048174615,5.716374157894666,0,1
14768.190866551731,2,0.135324839289385,179.80004721297098,0,0
4681.878848371813,2,0.22610738537345423,429.63871297826387,1,1
14436.464538410099,1,0.15679135292110918,18.52315826266293,0,0
6147.487476085095,0,0.10790368531364525,6.6077244894468965,0,0
6089.922618685374,2,0.34479712700578924,144.22334880993924,0,0
5435.613011690332,2,0.4138847683852478,457.43001831959253,0,0
8350.410306539985,2,0.2928237858687406,451.2314028276581,0,0
2735.1031260880627,3,0.15168371846905676,261.78716317174644,0,0
8528.816537691162,3,0.5238904726693421,278.8522512141132,0,0
8354.719779945059,1,0.3186554559657133,169.34396560200847,0,0
11547.576282770615,0,0.7368297238908499,125.64964770376588,0,0
12587.924448094991,0,0.10644209730022497,408.53481783499853,0,0
6886.399579530149,4,0.7740216410300883,57.615955947322504,0,0
4883.83211559666,2,0.8638029431567656,246.2404135849247,1,1
4260.35601109787,2,0.6729080505228556,319.0266434510568,0,0
3322.0456322206433,2,0.6869152522100532,56.32174373365946,0,0
1335.889941885861,1,0.8468498492821865,262.2055122588114,0,0
5465.495693103343,0,0.2672570282402793,290.8730375166594,0,0
4418.5915358963575,4,0.8956524545668614,372.5355499511456,0,0
14513.052095062907,3,0.7187849627028335,121.24384432802877,1,0
8586.777980625637,4,0.681256566662235,150.19711412892536,1,1
5535.517065942359,2,0.38887246319623425,286.91296758335153,0,0
8916.780214408593,2,0.5366219883244885,491.647572940899,1,1
2518.3521695125846,1,0.6231342306186776,112.65912549595664,0,0
6938.634363431942,2,0.5962742890537728,493.0223944261147,0,1
9580.397660605426,1,0.6639877107820646,358.5995538619682,1,1
7589.018560990545,4,0.16590539126272852,413.91062446686146,0,1
6325.792609487702,2,0.3845187462653574,49.37242777698791,1,0
14910.801639045623,4,0.4472000132763817,153.70799277816297,1,1
13264.564051159441,1,0.3085034382999732,33.57945842723562,1,0
9539.386393311881,1,0.23810181621537901,188.91576252657174,1,0
8755.9717371431,0,0.21114198393029027,490.7383816604257,1,0
9499.57695745647,0,0.39310671380526807,57.11016579213754,1,0
3419.025563425282,0,0.4947533604500527,283.37452727374375,0,0
6229.49727733262,3,0.15038115211732858,8.004958292837099,0,0
1072.16322691804,2,0.8571664756724396,357.777993941811,1,0
7395.417543558987,2,0.7121946582886067,102.61038272416033,1,1
8373.856467386116,2,0.6846814185483733,69.14434587675764,1,1
3802.371173496539,0,0.23828841999098158,171.82381701958988,1,0
14478.41828389995,0,0.5830406144097512,386.66692747979585,0,0
13687.091858590009,1,0.523779957446934,57.77347772404935,0,0
10971.076914110636,1,0.885975076629355,118.77030292035421,0,0
8234.106117097757,2,0.6981374160641264,9.18988870056822,1,0
13114.552814891433,1,0.560609506972985,484.36535703433094,1,0
2394.458985440212,1,0.7806501331760978,298.1120719944876,0,1
11962.392016985832,0,0.2240754166885676,361.35032001042623,1,0
2309.9018025193004,3,0.11217322375278177,327.43466972222717,1,0
12016.054606966378,2,0.6521866667316185,76.46045664048881,1,1
4498.629739644675,3,0.17864916818979,299.4952698020271,1,0
13217.813424763739,2,0.19234691198680737,70.05071959492474,0,0
14188.610360468268,1,0.6957445811396245,203.61204471174833,1,0
2657.5415563741767,1,0.3164278753071913,286.63675228302003,0,0
7208.796273448206,3,0.6029049724551143,281.6461514805672,0,0
14724.316983358935,3,0.8339255408741988,63.941345861456774,1,1
7509.407821610626,0,0.3531796253102867,22.045804975028478,1,0
13021.439076460905,2,0.27371532627193507,400.12598536753785,1,1
9036.607070904138,2,0.1852503069928414,364.33160631302263,1,1
5942.283664834227,0,0.2043698891357809,45.50035775954534,1,1
4643.861555125118,2,0.1497781563030742,68.07068180676896,0,0
3446.7348207482655,3,0.1701139030637921,446.82896931286206,1,1
11546.07377497661,1,0.4456036710473231,385.71880630278105,1,0
6104.837348933904,2,0.35669203601917576,498.0993466272537,0,1
7913.494201910892,3,0.6652486514583984,130.72378735648573,0,0
7638.719460017138,2,0.7961933265976014,246.46247949006337,0,1
8870.545923880403,1,0.7278185625139074,122.04749015086607,0,0
13050.868611556007,1,0.5245098053325218,313.2860685462683,0,0
14720.720481959726,2,0.18195369298612274,62.1300483502024,0,0
6409.971024320345,3,0.6678138271532428,67.98537050780138,1,1
12499.024370541394,1,0.3902629797814988,40.58450624553571,1,0
11585.653022493407,2,0.16852031513232815,348.32511072076267,1,0
8816.169796105813,2,0.7739731257701006,249.56592582943733,0,1
14362.68358237303,2,0.3705732137460045,310.77695209554184,1,1
3406.8804751618404,3,0.2745990660092571,440.25401806173267,0,0
2084.3310494895104,2,0.7971616516950746,371.4625999539025,1,1
12882.44852085362,2,0.821707094757604,233.55284449251204,0,0
6867.67234118935,1,0.3711766697532479,492.2562142551421,1,0
12781.048386002376,0,0.3838411354250988,230.84677006527676,0,0
13449.807975333517,0,0.5637028220665153,60.66308325059893,1,0
1405.6351074765357,1,0.6867531950485265,496.3640998900944,1,1
13310.23906329788,5,0.15051936152549078,16.296261357349415,1,1
7000.626302856622,3,0.5746749257507774,277.1923619464373,0,0
7901.271090561367,4,0.8622560494268653,158.00226690635608,0,1
9585.591410851548,1,0.30967511774396295,254.2583147534075,1,0
13932.547797586258,1,0.8270617712775471,281.56291153428816,1,0
777.1833692315784,2,0.8601346726104749,123.84746865785137,1,1
7414.230290608348,0,0.3153229127768718,280.6450840899446,0,0
10471.96961524313,1,0.7033614927082804,379.25025044274105,1,0
10979.250886624313,1,0.291020006655648,136.9223694357792,1,1
10541.720257288065,1,0.6900889293857062,194.795935990384,1,1
2449.309376417767,1,0.7379359770310607,137.78013311620867,0,0
4841.236031389378,2,0.29776456296851955,411.1770668391602,1,1
5701.375118546695,3,0.672695634866588,363.8662183087504,1,1
12164.339511352822,0,0.7496836310912719,436.24223642311165,1,0
4542.018150011019,1,0.3868630976855294,89.17469698632135,0,0
3555.221976074446,2,0.23416222079178156,41.421920889077015,0,0
14382.996276052394,1,0.17357165385401085,64.09483441004332,1,0
628.5176341452991,2,0.5603053628879535,84.70407474799701,1,0
14968.402407388683,1,0.8824784954525706,268.87591703402717,1,1
10313.908833432237,3,0.7583602560177729,485.6014748295686,1,1
12512.804842012198,3,0.44867171114764226,181.83153122530712,1,1
4771.981247019801,2,0.5292967222839668,479.46159333330155,0,0
707.5715261723697,0,0.32362230832945516,23.909393519643963,0,0
11199.108019142186,1,0.23045269388805087,463.80174039325584,0,0
12595.096656509799,3,0.4856649265858186,94.67054061596073,1,1
11236.903913326027,1,0.4708012529337482,456.6751179310777,1,0
2571.3291658621597,1,0.5175439622430081,32.83257790715328,0,0
11424.704872726052,1,0.8622436684511526,474.36862651004117,0,0
11649.380340560794,2,0.5831162401158178,104.39514083783611,0,0
10048.837477215797,2,0.584617469297899,154.84345973621456,1,0
11608.681025536,3,0.20241981028886144,248.01646033096426,1,1
12765.860875327116,1,0.8971910929414564,193.45683621156022,1,1
9397.259656443148,2,0.7182759553877348,335.42634478525923,0,0
1784.7683525603463,1,0.8017626752752038,487.5298447887883,1,0
7570.603240174558,2,0.43144032946479527,305.1811129484457,0,0
1625.9153527382734,2,0.5017024766285,362.1352776710919,1,1
6409.373949970247,2,0.5176670473298212,48.56259890132224,0,0
6403.044092321601,0,0.2552756314316842,315.76715238965267,0,0
1457.1427400335028,1,0.6515913250615657,229.6556396379745,0,0
5557.89774255745,0,0.8223813788939653,443.462267170216,1,0
2109.472432474065,1,0.23096465451073522,197.16449432333548,1,0
12219.410545133722,3,0.1690546187889316,341.32980130471,0,0
14241.476376484827,2,0.6905751244322738,117.93609548824415,0,1
1548.58889124011,1,0.3185614653383857,133.38940409447702,1,1
14349.170505729671,2,0.5990900332938635,191.18060330652543,0,0
8077.360690382805,2,0.6566066703937445,155.51145106571886,0,0
4843.702330331172,2,0.3575286108654575,130.67002549808706,1,0
1614.5000915043709,0,0.7521156779406275,29.586009420900602,1,0
7759.051887021058,1,0.5399911856913735,419.18943421746724,0,0
12020.475395115856,1,0.7951995263614422,36.82925779118574,1,0
10752.753920367124,1,0.710634842047158,444.245930223469,0,0
1228.2771662276195,1,0.794860505629963,67.10536758868983,0,0
1557.0766128346008,0,0.11612910569431528,37.30455984601622,0,0
6341.662598173238,0,0.2948050085908758,283.68735817044507,1,0
4781.712163695178,1,0.1720063523567509,253.70868732448727,0,0
3869.5726843126936,1,0.4536664137514793,248.16111157178312,1,1
4574.565234176347,0,0.8119680972922546,289.3796421131919,0,0
12150.499777804827,3,0.47403220981349536,147.0930200289821,0,0
13973.806777661881,2,0.7797704356643153,333.15989034765755,1,1
6373.9890706497135,2,0.3617425904154543,253.6890987550557,1,0
13638.609530921207,1,0.371656058244202,170.698016143876,0,0
5161.687668094289,0,0.816449384261502,414.1178301554604,1,0
7408.3363019849785,2,0.4406537172093613,365.2219426817215,1,0
3777.420468331996,0,0.7318123902357331,199.83711926258786,0,0
9786.902611549738,1,0.28931483830552107,424.570803688292,1,0
14695.22617003473,1,0.8590406637421084,460.5278338053282,0,0
9250.64989262899,2,0.5596625972244569,270.7488022067594,1,0
5688.3042196464585,1,0.7074588548627215,111.40146282767579,1,0
9893.352966862662,0,0.1716125598359084,458.3171174907585,0,0
2282.3498377481196,2,0.49413138066442297,98.79241194728102,0,0
13385.55666384828,0,0.8208307981872186,28.96949707654823,0,0
7794.717286307628,2,0.8016309032346437,167.10606939219977,1,1
7015.57125957481,2,0.13745116578738203,364.8483405082147,1,1
8995.039432576028,0,0.3429587753031574,462.020672745007,0,0
9559.366010446336,2,0.4546560051832641,320.45639517314777,1,0
1540.749190284439,1,0.23781185148463058,476.16008074849674,0,0
10397.949707739335,1,0.6839986487919762,50.72356544156883,1,1
4008.009364575179,0,0.24760959647896927,35.07309614606993,1,0
10852.313171345551,4,0.377311755495909,304.0750156181137,1,0
12426.754518570853,2,0.6306245094862546,483.22757963391365,0,0
12157.398359511544,3,0.485671475619584,253.84704793258837,1,0
8511.264027414392,2,0.690856830907915,30.50003683995604,1,0
8042.463438505892,3,0.8689663209782877,114.5032347583408,1,1
2571.70143942147,2,0.193237350172158,126.17248867580648,1,1
11742.519180845466,0,0.6676541731184488,172.23927892279025,1,0
4435.436016477359,2,0.2842753245056916,26.58367487517525,0,0
7702.083630860225,1,0.43158138192605544,452.92188674646854,1,1
4621.974347448992,1,0.12629018063611186,260.20415263714017,1,1
2440.5112634955503,3,0.20872590583415918,337.110742512284,1,1
9628.58660493018,0,0.3558218312391198,38.25055426302944,1,0
1287.8145049321056,3,0.37358864423038796,31.78715656280645,0,0
11355.3558948299,2,0.8196681731696767,295.30154716007087,1,0
5105.008531286192,1,0.6934503274132121,444.211525199583,0,0
501.95304856503714,2,0.8777463745496329,266.59859047497577,0,0
7911.372518939832,2,0.5792572082681925,439.5204904221854,1,0
1179.3526736502454,2,0.2933709856730544,406.4406801623435,0,0
4504.458588403042,0,0.36212402393731435,42.54762396848577,1,1
10751.159068107885,1,0.3558687386335737,104.96894982091649,1,0
1408.999513517055,0,0.3611954621306013,330.56678123189454,1,1
12670.408139162033,1,0.6383713384894525,224.5331843622706,1,0
555.3888785494551,3,0.524646342472333,148.89640775522568,1,1
4078.946103427583,1,0.40833934246931547,212.22375874374964,1,0
11243.108814205036,3,0.2192718149829733,225.373824903964,0,0
5085.917171074949,0,0.11771133035371673,455.72336415669025,1,0
1977.4396269571962,1,0.27506774207015405,56.211850433951746,0,0
5723.391822606204,1,0.18597712317494502,143.46671966976942,0,0
4420.70265257562,4,0.7283560246817915,271.0945842084434,1,1
12719.322581328046,4,0.18999836625110833,350.6520286821429,0,0
5043.544804984575,1,0.679382589845469,317.16545803482563,1,0
11939.520840752104,1,0.4085269518208662,471.11315518001027,1,0
13432.146099755653,3,0.1587027117950208,398.82641778563925,1,1
6790.352583859678,1,0.7501840395452687,280.753036777343,0,1
13694.175585888685,1,0.5637044561892907,111.26793237838622,1,0
5971.111782466296,2,0.28860921029085845,228.18274454410871,0,0
14479.137039106568,1,0.8157449394661344,348.2242108762663,0,1
1794.6981056208074,2,0.13620665109644117,419.791276543862,0,0
10461.77936429702,0,0.26145568655821033,480.0694310890818,1,0
7660.303586625466,1,0.7016375422446889,304.69911923826925,0,0
6120.907679106883,1,0.6675023442479113,265.8250868156941,1,1
9674.322241854714,0,0.33141735497958247,13.757501944968414,0,0
10705.927828697802,1,0.1496199002822265,40.68903922933907,0,0
563.2674099294818,1,0.786462457779955,82.27197383051313,1,1
2920.8197868343814,0,0.35095811045592207,32.1061659388659,0,0
10839.167734197621,3,0.25657073194261215,203.42730320843862,1,0
10162.588496883995,2,0.5128494578887817,171.75487984374172,1,1
14507.68882436582,2,0.8281817594259578,320.49030814485445,1,1
11535.047958636353,2,0.13483726227470028,270.15422842703435,0,0
14286.204262104402,1,0.7126432704247102,300.00552589699055,1,0
10686.837272254701,2,0.5579785823509672,238.62871545413878,1,0
4821.757025271926,2,0.4403592932414536,142.4798885343573,1,1
2027.7913726374188,3,0.6952643552840481,476.6485308985061,0,0
11836.446018501567,1,0.8726595395533059,47.77253408126879,1,0
9840.16371140078,3,0.28336496893015284,469.75104473532707,1,0
1198.6971797027954,1,0.2149178920576957,159.06283319804365,0,0
5720.731755564186,2,0.8303053961781577,258.7674154568122,1,0
14373.597324522148,1,0.6351624619658429,58.876949799635334,1,0
7755.8166127979175,0,0.4503888172495728,40.11087884364959,1,1
6774.572472285718,2,0.5586076562114265,217.62499711570842,0,0
7136.6442748097625,2,0.6964911241409952,372.1402013079407,1,1
3528.799498074874,0,0.7184255189645737,138.33556488653173,0,0
5846.253977539531,3,0.8359153446551717,283.3622050229834,1,1
5862.292211814061,0,0.4414742311164982,142.93191855879508,0,0
1259.1477927183498,0,0.334728728015516,197.36346514205522,0,0
11629.730613509815,2,0.6117314134318735,453.69092764454325,0,0
6539.314262606245,4,0.43258231942362435,428.6406146199852,1,1
12421.608358838137,1,0.5756787631591823,260.42868399172676,1,0
12830.046016238482,3,0.43598863876476013,122.86228559867898,0,0
3573.9137931305418,3,0.2223966293425396,100.6260368028463,0,0
10031.625491466864,2,0.4755414013271667,477.27323975267853,0,0
7348.086160363235,1,0.6527342575528262,105.34471527279032,1,0
13262.272699861534,3,0.7394270461341199,405.0433139017069,1,1
3628.239848058585,4,0.49466102143723745,187.64025372009095,0,1
10328.291404495641,2,0.23219031216832076,492.901624541328,1,0
9312.405772664477,2,0.43175016771954533,187.23709147958,0,0
4781.871424791575,3,0.7290351430733586,179.00072933080943,1,1
2480.713102942003,0,0.4302874164936583,320.5444962944234,0,0
9948.77652692051,1,0.6572246348833779,480.95081928027554,1,1
11209.663142918795,1,0.5057709453424718,488.2237548692343,1,0
5076.596484568575,1,0.29297850008751736,355.0670425011577,1,0
9850.07275832355,2,0.7369204064184595,378.53015098999504,1,0
6229.398160366797,4,0.16737076325654965,283.8840771066487,1,1
10841.499807597957,2,0.5199122262041205,379.1089908705043,0,0
3388.62148596377,2,0.267112827394724,430.5909292103958,1,0
13408.11753822453,0,0.15365250283310053,245.61717508153652,1,0
4667.4391487509065,4,0.5023471496665991,311.831820100901,1,1
5832.896822464217,2,0.4996497247479389,270.97176414035863,0,0
1342.333305165072,1,0.6655207213405767,283.42295369669523,1,0
2116.9270786585075,0,0.6958005544415239,445.5737153876007,1,1
7979.997589328757,2,0.6822331909543174,181.03033095175726,0,0
4380.093812555587,4,0.42764698633340403,108.05109267230898,1,1
12614.46327326182,0,0.60535182978125,230.85865458544643,1,0
713.0541354968307,0,0.5615561941151682,108.00216928822626,1,0
5996.863705743075,2,0.4372494048935357,251.7082107026995,1,0
5391.510428151843,0,0.5777701553487946,452.236512151744,0,0
780.250648305215,1,0.85779830136501,310.6295926388265,1,1
2303.3417855073985,2,0.2543149949451019,428.4392623850235,1,1
6497.818786320211,1,0.8246176766284211,87.26450520967835,0,0
7646.536474487976,1,0.1427644111865587,450.93242830590253,0,0
6362.201335195602,0,0.34671137032132854,302.8846463815223,0,0
8198.59633697536,0,0.33051619888922257,20.721095426537502,0,0
9129.409286132382,0,0.6010920863047245,318.39388286609324,1,0
643.8954063536166,0,0.20497996142183228,475.94149334915437,0,0
7229.3798120758065,2,0.8058780894718031,44.18766523530422,0,0
14470.73899287003,5,0.7628411267720331,293.3157845824382,0,1
8025.968061878456,2,0.6216526557482223,458.1619084205088,1,0
10324.362878154821,1,0.4667310654337582,9.799108325515407,0,1
5022.025939794807,4,0.8463648337136628,317.3018986005825,0,0
11722.874983215057,0,0.7645972437764448,240.07663445632653,0,0
11707.361487203669,1,0.49945211846499593,176.75971273106225,1,1
8058.792690985015,0,0.661498683563449,315.63056252296116,0,0
14652.200437548598,2,0.5535439617437476,31.08753682077138,1,1
2320.4781140584737,0,0.5703537907106117,377.7662079122631,0,0
745.7411408989244,0,0.3647808555499771,7.217341075255275,0,0
11667.294070477892,4,0.4696676836999174,156.93319317721435,0,0
12203.755291790796,3,0.16249714463179538,254.45952565391582,0,0
2243.0048222483556,2,0.385878953331674,191.6260140304431,0,0
4350.951077899788,3,0.6566628122897216,157.20058792676332,0,0
754.5092688161192,1,0.8625728244049491,416.2633970067076,0,0
4752.974856318188,1,0.8704512902104162,467.7421242645949,1,1
11710.557171820737,0,0.5445782952999133,437.48777902841493,0,0
8010.427651832395,0,0.5852978014476656,263.60349995974985,1,0
5547.386100940177,1,0.24857694840077402,442.6612667207741,1,0
5890.219776141789,1,0.6562464864748245,460.82647476486414,1,0
519.6275728742883,0,0.156527034139509,207.5730065384937,0,0
4847.10764969592,1,0.3277485486395556,145.30570045519548,1,0
9873.651753749991,2,0.6346906778283538,53.64127687759356,0,0
14625.819435337178,0,0.34824810523479144,242.15050091936837,0,0
12782.381991266542,2,0.13987749929156346,473.41697561702847,0,0
842.1269873601723,1,0.765496327480771,282.64922639483365,1,1
13529.12876778517,2,0.3482640057076505,335.44324038415493,0,0
11856.376992830075,1,0.15048417988694274,60.87749015346456,1,0
11815.453791779217,2,0.15983053160229216,76.04223375041684,0,0
7140.938505551787,0,0.3014070390310029,234.9142646700379,1,0
6271.076747840291,1,0.24241275777722102,475.8760754969442,1,1
4892.278068081293,1,0.7194400942241207,183.5883975878068,1,1
1452.5754548383038,4,0.3573472373336276,439.3546004521791,1,1
3809.412770658637,1,0.743756628031866,64.5428537457272,1,1
4075.752707181357,2,0.23907679825852224,310.4235174321865,1,1
7519.117510797923,1,0.49430334363526707,302.3034235707065,0,0
11337.943895652063,1,0.650429706842503,430.6380012847829,1,1
7370.242511770226,1,0.6215926830926839,6.641768680426245,1,0
1338.7445169838288,3,0.5809035279442151,99.01617526279821,0,0
14387.952114328957,1,0.8398572815449359,113.74537458759346,1,1
14169.502626864627,1,0.28282011816539554,475.23321360491497,0,0
11885.248375651921,0,0.4949753635696843,81.078359853598,1,0
14874.254572681199,1,0.807194040057927,23.296363359177388,0,0
8394.993825603811,1,0.16231501247612565,269.558439897195,0,0
14460.141078671488,2,0.1447106146024602,266.63643890467245,0,0
1596.2730889428863,2,0.28664183004663313,422.8032478570928,1,1
5802.370849789884,1,0.6064169756304147,474.68552683801204,0,0
3768.0283860981044,3,0.30790370115984556,271.57999385936483,1,1
3339.5797199469152,0,0.2521919070470392,465.3471202977295,1,0
2541.6427589438035,0,0.46704185228663364,363.9537798934157,1,0
9524.997802706952,1,0.5908784550155292,135.95676835781458,0,0
11829.166908335923,3,0.29884616561339233,464.5682519172435,0,1
8885.32679159523,1,0.34055294937899366,335.384372210028,1,0
2630.95928902904,4,0.5908474438492112,209.97748670760373,0,0
12261.294664035328,0,0.8565907375915621,341.7198318358807,1,0
9721.343253874064,1,0.6397933819504706,203.64984973315669,1,0
6128.402738841435,2,0.726323314867648,61.520965154039835,0,0
10274.889285272913,0,0.393448075804375,360.8944798525654,1,0
4268.622199021076,0,0.31780348750757287,412.9233680245182,1,0
5505.287023166053,0,0.4634141945620981,365.7590685145969,1,0
13803.544725413858,0,0.745706262969339,118.41176053955489,1,1
4712.315332235596,0,0.46503971343244466,478.5343316714184,1,0
7314.829888290081,1,0.7773803270318889,17.50100803712218,0,0
13407.046492242212,2,0.8910175845561017,169.6792222009421,1,1
10761.959578879148,3,0.15762133258426908,133.74575509477327,1,1
1401.94677938819,3,0.13632812486696297,28.82248266935123,1,0
2635.89414204507,3,0.21967176233068947,205.83619802939089,0,0
613.7030661927938,2,0.40749574058747695,313.4418458805734,1,1
9648.36595832287,1,0.20483376731634595,441.86366742512513,0,0
6991.2646684510655,2,0.7965315820950049,494.8964095147777,0,0
2446.9853380829954,1,0.11851700082165105,405.00434527017705,1,0
14390.044755323172,1,0.3526341730686581,236.99685676284827,1,0
8180.065997211488,1,0.24775570359536428,363.2336908536802,1,1
4007.452764636893,2,0.8452314641260259,422.5937753518721,0,1
7758.751781743259,1,0.6355848039120223,235.32706222724727,1,0
10354.494824659063,0,0.8296242051610996,393.60194484262246,0,0
1605.468660616685,0,0.8778629682483147,243.912947064874,0,0
4483.205318194434,2,0.49767859494189537,196.31551548397775,1,1
12200.999617817908,0,0.287455286438421,265.4149647029618,0,0
7165.140620838588,1,0.25498302895727143,339.5480951254367,0,0
8425.368559468276,1,0.27833508934867246,364.8066178777057,0,0
6775.832032037304,2,0.6668746460976023,181.5844531015934,1,1
1136.5491683235741,3,0.1323565824984006,287.80352452023726,1,1
2903.371807392261,1,0.14108885842617191,455.3860826698213,0,0
6960.353761757418,1,0.5865143539065201,488.2748855547667,0,0
3533.1892484149535,0,0.6136457173899252,117.48780513605747,1,0
1224.6959155653417,4,0.632210339457968,100.45142702810402,1,1
12732.920128751444,0,0.39750440367087303,339.959388547181,1,0
14727.291672879679,2,0.7447559109713225,210.2685234826047,1,0
12000.571672952721,0,0.5268996701812941,16.99005751697783,1,0
12879.881364717672,0,0.18437250400753558,176.69662597040565,1,1
4008.668389597158,4,0.7376794456538762,404.3386480187648,1,1
14429.091144941396,4,0.8624542290163667,399.72633053967536,1,1
3355.422714574712,4,0.14802905040188696,249.86914866420804,1,1
14295.732250246569,1,0.413081070960464,238.92607776932996,1,0
14924.87976250629,3,0.4900128358677981,291.85618400501687,1,0
10819.980683317706,3,0.21717660806265357,113.60137172897012,1,0
14726.584110981417,0,0.7941671582263017,265.391594321023,1,1
8758.326803723003,0,0.32731971591203524,10.467948228040951,0,0
4263.355856053309,3,0.7264068319505281,240.4019796176512,1,1
6836.440342151503,1,0.6367955856226528,171.34526789404333,1,0
9106.633562992396,4,0.5784366579736188,339.0604549223115,0,0
1559.6826493917174,2,0.2537142789572435,320.98502415555066,1,0
9523.977336950069,0,0.27656281644072456,193.51376069049047,1,0
14727.07863305327,0,0.13787872379725546,8.600125831902826,0,0
3256.5609218640507,1,0.29256994382581314,129.87544655050544,1,0
11992.629186181557,1,0.3763548875684113,318.50718584363534,1,0
13664.532509804481,1,0.7665162430899403,40.82480479366475,1,1
14183.673095893202,1,0.3931141333718443,58.2829988075646,0,0
14421.966263878985,0,0.7036974262124852,325.28233716070815,0,0
8061.164761461343,1,0.4515538250363901,379.10486346989967,0,0
14670.964665876803,1,0.7278946495951107,164.1671054662925,0,0
11480.998003449364,2,0.8810172803496319,247.38816743069813,0,0
2844.2358254359474,0,0.2918732464460641,473.127125666911,1,0
7415.051543785565,3,0.7898732895711009,473.0440632771049,1,1
10915.802042894058,3,0.5974592690446198,157.2138733593979,1,1
4086.4345793767084,0,0.7538354092709239,405.9439981334597,0,0
9788.920161458867,2,0.6212687218142442,299.0023061393951,1,0
10165.706946175978,5,0.4391596058193201,487.8648242084381,0,1
2859.1462852242053,2,0.2824599515534323,241.41871700699275,1,1
8693.737030564966,0,0.15602818026493204,388.47989966770297,1,0
11688.590209189812,3,0.5284146915685736,385.2278791593612,1,1
7733.987135771158,0,0.8922608756214925,251.2292694783727,0,0
675.4951932535577,1,0.690433444011365,398.8369065771674,1,0
631.0578016497366,2,0.36187643311921336,134.21496498696325,1,0
5676.925487565177,0,0.7617638400693882,65.5152529636633,1,0
13929.813992260839,1,0.7151872001411252,215.45605360438154,1,0
3815.8133042523273,2,0.32530863468276544,472.0971750336244,1,0
9698.273488639463,1,0.11144599183538775,252.86858106025173,0,0
3720.1001250531485,0,0.19453011082715968,319.45327363022886,1,0
5164.214850063455,1,0.8018449522496461,313.9604156743983,0,0
12796.610299221518,3,0.7692504282438974,70.62356929841756,0,1
11068.490912914229,3,0.33616720070268996,198.19695677671908,0,0
1883.289521041554,0,0.3281563410275363,354.934791596328,1,0
6716.179304303288,5,0.734291989681977,486.1350987974595,0,1
922.9615728563348,4,0.8501899759163377,88.16878045702795,1,1
7472.907125743631,2,0.72330980543808,208.16873571786255,1,0
10105.293169665487,0,0.5844629416246092,52.07143090235103,1,0
2218.2880421731975,1,0.2941370802654436,124.97634752638173,1,0
4688.831614182902,0,0.5205983312762086,191.49587494644436,1,0
6268.631069781275,1,0.2868094868746117,272.6184077364135,0,0
13833.199857512722,1,0.7464091360774189,119.13060670834507,0,0
14902.197723632979,3,0.40956886361418987,117.64351728344944,1,1
1151.21383543643,1,0.766957773595221,390.02583967440086,1,0
11534.614890683184,0,0.40528737438618023,481.5076231587062,0,0
5889.998962833977,1,0.7593195241599131,165.18841903697083,1,0
6190.6437003274605,2,0.3666542521321936,345.5560492246617,1,1
11436.84211353183,0,0.4521061636941359,132.74982837217078,1,0
13817.183266108425,2,0.592390735474126,464.33636620798785,1,1
14288.464620286952,0,0.15623009122393494,338.08666828187216,1,0
8868.277497555651,1,0.8585656494523716,402.32504304559717,1,1
5678.256809857291,1,0.5588846288990426,29.43025138358658,1,0
11919.4617449523,3,0.5062560117526419,301.2604542791092,1,1
4139.520057303354,1,0.7715151768959297,266.16810402239923,0,0
8679.073418086007,1,0.7926101839174621,150.03346892120834,1,0
5699.387692110661,2,0.5178083236232128,134.90284260337245,1,1
10021.150568764204,4,0.8418098606349099,292.1122771469,1,1
3985.7842369558502,2,0.15179021286118452,354.71038932857647,0,0
3278.0977131549735,1,0.19058063380097404,21.420514732418535,0,0
13814.466756793838,1,0.5774305840115521,285.86378305223366,0,0
1976.153402768285,0,0.383252689434867,89.37746682858118,0,0
7836.389662156509,2,0.47138013295135905,74.47955203611977,1,1
3702.3653529636294,2,0.36246337431773323,313.44414660686886,1,0
1064.484468222178,2,0.4237802491559485,158.88070802264915,0,0
1022.2728652256827,1,0.7581170777170396,223.2357154017577,0,0
3040.7156955344967,2,0.5747809598834438,183.1994106726876,0,0
13068.170140337004,2,0.8978756394267986,325.92647847549927,1,1
4595.941787666887,2,0.7295033582567704,237.7092842029021,1,1
14281.657973341788,1,0.31893300328146135,481.912037708784,1,1
8933.523248343306,3,0.311476094181357,179.42946575770034,0,0
6830.905751647108,3,0.3687186160936057,371.44074843010344,1,1
8911.288102707093,1,0.7746075845181942,132.35982095360703,0,0
7992.126585780883,3,0.12183012052045249,256.8327808499427,0,1
11502.255679481215,2,0.2841450230970062,278.52202719146874,0,0
4596.192956606358,4,0.8239347362754136,167.90909412605242,1,1
5619.230678204384,2,0.6119171488666015,238.53136181175142,0,0
13464.367386732136,3,0.28147767640084514,143.24292575975363,1,1
14223.619440680879,1,0.27531597458606427,7.970386928621086,1,0
13442.09429855388,3,0.7900944814075445,111.74590931074998,0,0
6581.995912381047,1,0.8150060066216372,351.5317653841343,0,0
11815.299793599785,3,0.30490487276969225,386.6266971202616,1,0
7406.868132865932,0,0.43640828646122587,143.7004192337654,1,0
7714.327856118482,0,0.7676765909026537,206.9812844149456,1,0
3467.8615813306174,1,0.7168059508879083,23.49600176861249,0,0
9071.38939724849,2,0.7511328852528676,122.34613604335189,0,1
3198.970517423545,1,0.514718552630375,390.7135452692881,0,0
5307.688136474309,0,0.8292392386441385,304.96320378120333,1,1
12897.93792348906,2,0.3607612351635482,106.85640836741385,1,0
3502.5992335574006,0,0.22533770747801443,132.4337875856039,1,0
1531.7951350147757,3,0.6669858660518918,409.3170013798323,1,1
1500.6100928858364,2,0.5314835328055171,108.4966804577259,1,0
14141.375547295065,2,0.7836686150475848,170.40807429432996,1,0
7850.346350446602,1,0.16492739929977196,333.85755236904896,1,0
6436.4750413467655,0,0.7749539227504535,282.7506309254989,1,1
12257.739424614818,0,0.33463572256705776,233.13075159073807,0,0
12619.475954702482,1,0.6238845337345464,450.37184003497345,0,0
5316.7699801762665,2,0.13210303126260464,113.75667904395058,0,0
10557.461833370031,4,0.5876650370428805,372.00284597718496,1,1
11681.280829852356,3,0.6738173513498688,83.73660110600076,0,0
9992.43495955634,3,0.3950001716044963,309.78824757366186,0,0
2698.1285846014407,2,0.2723285642097122,435.95866388860003,1,0
13200.304710997327,1,0.530104541282836,231.66138381167823,0,0
8316.871014672126,0,0.7665526435485173,363.5257810597078,0,0
4595.850182365053,2,0.35883788663732064,411.09470973449913,1,0
6665.808688846561,0,0.30197543801702365,72.33308031441337,1,0
1044.780810784157,4,0.32314824691015015,354.3843131646445,0,0
2354.0686177250545,2,0.8593057223333316,460.32130687439474,1,0
11600.427882479982,0,0.3874215326116478,290.3034518784944,0,0
500.16870395280904,0,0.10288339191062974,97.13051104173424,1,0
6540.204512993237,1,0.7253449663676957,67.83655313652677,0,0
8076.397625741032,1,0.6594198362683121,133.5689885810402,0,0
1292.1990900140981,2,0.20285461168237512,56.23906816325787,1,1
14609.633363098827,0,0.88792339930793,259.13006543459846,1,0
3778.817303120243,0,0.586449828244089,39.50381793983362,1,0
4910.881434726072,1,0.5006235927524813,115.5852891949321,1,0
4907.166427697896,2,0.40577541409831286,222.7556697365461,1,0
3841.0416007015738,1,0.8189382044509104,239.58780144900064,0,0
521.3704202515155,3,0.2951707851348506,284.8722501477474,0,0
11075.499514275947,1,0.32861512017592154,354.2794065616096,1,0
14519.259747089638,1,0.19792864534925353,28.37817663440643,1,0
3752.2555076331532,3,0.7072952764674081,44.907371327012704,1,1
10114.184281149624,2,0.5764394243246826,35.12528014336647,0,0
11257.49674090137,2,0.5872529354035987,214.4594061551306,0,1
12802.167996812608,1,0.2747763448155709,25.71473271705248,0,0
6628.123356697332,3,0.6209347113016671,374.31022708150647,0,0
4892.498131786224,2,0.7123667577974911,115.38508961404654,0,0
5216.779443333951,2,0.38631082458055144,469.91018417852956,1,1
10833.009329928436,2,0.7410777151693698,245.76985877307015,1,1
12343.302264331722,1,0.37903247082561675,225.9312474588898,0,0
3133.4025324707386,2,0.7065107692074302,391.3666528565526,0,0
5878.644618287595,1,0.1269840859661752,358.0112220270306,1,0
13578.132852862676,0,0.5409316811789221,305.6179752693307,1,0
12197.05603557372,2,0.8756212485119094,467.89761959393314,1,1
14780.4468400559,1,0.8849956805459126,214.01833418860312,1,1
11436.59976539017,4,0.3254020626733925,405.22317950728177,1,1
6201.330414904873,2,0.45311927286428444,193.14600814418017,1,0
9064.248592922248,1,0.15038232638930646,419.9811087765719,1,0
10084.706686586145,0,0.7986730460836798,133.43994133815445,1,0
1637.6093365982972,0,0.5548577225121714,148.18720105383608,0,0
8395.205907006044,2,0.4080805431524136,340.5454193386397,0,0
10785.15201285284,1,0.19021644679132246,110.2930810011392,1,0
2926.1589080153753,1,0.8574138283975113,118.43132257758725,1,0
11819.159902670579,2,0.524175238256795,156.10490236362028,1,1
8964.705317454618,0,0.3263423432663231,341.06974098188607,0,0
14307.215892615122,4,0.38017210410520763,445.2471057494998,1,0
1115.1233239999297,1,0.31655774473771814,338.9109873078584,1,1
4347.228994554271,0,0.5814478470855845,414.768050950342,1,0
9222.531249847449,2,0.843970860624408,274.0624918987625,1,0
4800.118726985995,0,0.7853550426612516,39.116994565846916,1,0
10859.150379033012,0,0.468304700340782,54.730774696707826,1,0
11505.576596568,0,0.7611994898408063,279.4240292916231,0,0
1986.4814789638795,0,0.4384843850210639,167.26147947784426,1,0
7950.889730998132,4,0.3018457126069104,114.1811964502866,0,0
7878.913056070311,2,0.8867320922131423,235.7971790147973,1,1
5854.571168125345,4,0.3431100543766575,334.91588674762926,0,0
14027.410507260245,1,0.35897938478952673,195.57101412924993,0,0
12498.841638161708,2,0.8917542942292178,402.2584172928841,0,0
10609.536037689733,1,0.2071419945325239,370.5690070528399,0,0
10857.736218157464,0,0.708427190407756,368.78286666898555,0,0
7194.884085290227,1,0.8486502067861812,492.66889639030734,0,0
13854.42055590035,2,0.5094359954203349,151.13883879895923,1,0
10571.633695172639,2,0.10201740936225603,324.1391652387431,1,0
11070.225394009338,2,0.40004715529048507,428.4617783793552,1,0
12994.518104916506,1,0.1892551939078617,291.8645947873859,1,1
4474.03804546177,1,0.4329501287469566,395.80357717711934,1,0
12202.528106067193,2,0.7320214093138278,210.15383199075657,1,1
3330.9887428691345,0,0.45096923910704045,297.2932160991283,1,1
5507.4583075508735,0,0.44554009707673803,32.5548644381425,1,0
5366.3515869127195,1,0.5454315815350773,492.9549648832826,1,1
14688.619291642539,2,0.5653524677981442,401.00914831696656,0,0
12919.78974434494,3,0.7850370470391771,435.0604904575675,1,1
10666.962993058765,2,0.3466843513831612,348.6756676807583,1,0
11042.323043423157,1,0.7573370114944128,97.09476624030624,0,0
8650.055518837282,2,0.5527469989536379,20.359078996925973,0,1
14232.814673073526,1,0.3404236397737176,433.0050208293267,0,0
7695.751916794243,3,0.33610083520486167,201.18367359938094,1,1
6017.506793113471,1,0.38891001368457967,135.61311363976037,1,0
2864.0123855080697,0,0.5981545940959804,283.0281146252775,0,0
11899.981957785341,1,0.28464938508795934,213.34476862548107,0,0
11149.437015096077,0,0.8362668493378139,327.5746678653407,0,0
6073.148058599956,3,0.5599300673423203,244.47765036198425,1,0
865.3045024088258,1,0.8360126215968054,350.130404517934,0,0
12665.461251911156,2,0.13712348686332376,427.4445184070257,1,0
665.5607600840676,1,0.37408909636917875,101.80072042311558,1,0
10703.64680462124,4,0.11824612855009847,168.06927587991598,1,1
14568.728091027828,0,0.31780145207837585,221.22371535246626,1,1
6846.089258148951,0,0.7896051778148706,481.2189317736809,1,0
3907.114372441315,2,0.12928777267376068,185.8401387060052,1,0
10720.629645629035,1,0.4489176799325959,193.64442554835162,1,0
12348.358059225984,2,0.19405365637858224,328.46889886498275,1,1
8423.239583128787,1,0.43347252740829423,212.50385639552488,1,1
14522.01149121412,1,0.7710812674115018,475.8557540916046,1,0
1249.196464040436,0,0.5984568267220153,447.7620364353447,1,0
7819.536175415658,2,0.6894050762651386,259.1373449989581,1,1
10917.582236176977,1,0.37928329235966485,324.1637408041857,1,0
13008.286831663096,0,0.8555181560081132,33.72512813239217,0,0
3099.206372662956,2,0.6674096750236,349.3866113760371,0,1
12100.05048557338,2,0.43743905542762473,355.06443210977096,1,1
8514.252597918907,1,0.4411718401816439,182.803651343388,0,0
6250.028388854466,1,0.8349473423546381,113.74302739450997,0,0
2409.8679143968566,2,0.5611237547483134,457.96380889942327,0,0
13046.78850417923,1,0.6651033679224334,216.2189258985382,1,1
2780.4615186058727,1,0.4336281796105367,328.5845218768468,1,1
4991.923958531939,2,0.27895421181177127,21.4977535132467,0,0
4705.660213455335,0,0.6788474335955349,209.96324745553397,0,0
13135.503495767387,3,0.5862590177131103,409.5431114518706,1,0
10254.19341602902,2,0.5010743043398235,196.85012019835395,1,1
12051.880259274898,1,0.5992167519955711,303.56477426775405,0,0
4131.784532491235,3,0.2666284688513869,108.87862123984702,0,0
9560.674444301485,5,0.7351509652255651,211.18019617558198,1,1
8790.316755584356,1,0.8585302440162447,464.1806704363274,1,0
12576.04046342993,1,0.8128825153341622,285.3936161020134,1,1
13638.262376978279,2,0.3571485962456137,451.4560722510011,1,0
676.2731864221087,2,0.42480461862566077,451.49955324732395,1,1
10273.288826352493,0,0.746721839838049,472.3531612101174,0,0
1251.6190872360708,0,0.5760937046596831,448.2188717396521,0,0
8458.450643621662,4,0.5383315549413193,6.624158860098818,1,1
4670.674571133334,1,0.8413135740267562,467.3373713328905,1,0
4948.260693071047,0,0.5288199687816406,73.04242234726131,1,0
5617.898300059171,0,0.511950943669848,24.763494300019527,1,0
9508.740511219346,2,0.13361487301308772,32.41732461613614,1,0
5343.724502197154,2,0.15553356687211012,177.71351661233462,1,0
11124.136233559066,3,0.10593624630452014,312.2980222080528,0,0
6365.64709082111,1,0.830595380626907,204.14404227690375,0,0
1491.1214044944,2,0.4267093280141605,17.649370901442843,1,0
11864.517716019554,2,0.47484910090673005,240.85890391648377,0,0
4643.495706594237,2,0.7763095580739696,223.85471742383814,0,1
6775.119754189308,0,0.5873970483006223,379.6403864233152,1,0
10438.936306717573,1,0.5876012771124649,143.40838472059198,1,1
5320.614278656324,2,0.33722754348385,112.67793102821175,0,0
1320.4920141273765,0,0.7671266991396154,131.68978404992998,1,1
5921.855181685797,0,0.23266398083159504,155.35121220177476,0,0
14194.504449067399,3,0.14251967373835833,301.58661231674745,0,0
9805.148760829094,2,0.25328268601482584,238.40511529877952,1,1
10236.447655674501,2,0.31418977501965173,171.76280976363367,1,1
9668.091227745777,1,0.3258488462833654,190.28550835042083,0,0
3385.3860149118336,1,0.636410878895014,188.6072117786932,0,0
6565.841029483062,0,0.27425966986291483,486.3413138816071,0,0
11388.627076268114,3,0.6413266435959877,120.3335090862115,1,1
1969.9070145208077,1,0.17290573858703978,409.940472334768,1,0
4528.865253300828,0,0.21776196887832722,355.5643646061526,1,0
4506.627072754877,3,0.507057158792796,7.757152773757541,0,0
6764.274450120337,1,0.8375166420613142,496.62222797211655,1,0
14715.346743661683,2,0.7876540710488912,379.43748846361893,1,0
1478.786926915418,1,0.8750027539542425,342.8125452436417,1,1
8021.164418518628,0,0.6203832522225368,205.63573029993546,0,0
3100.7878891770515,2,0.6406518931328736,279.8255290125733,1,0
14574.80990844129,0,0.6000183991451936,130.36909335539775,1,0
2142.9008185482307,1,0.5982551382865579,22.564285547120253,0,0
6352.214534243073,1,0.21769627605406772,418.83072093075657,0,0
11199.33228010179,1,0.534991164931143,448.75982437218,1,0
10716.039206397956,1,0.40885434676138066,85.42296512404874,1,0
6629.565234962018,1,0.45402977262183475,394.59276744363785,1,0
5524.600435314414,0,0.51888045844739,371.87057327640105,1,0
6265.379489016624,5,0.2027169374418013,93.29562595836478,0,1
4332.005815800269,0,0.3875901870816959,213.80525727452294,0,0
3477.3276112485973,0,0.1507596487012829,214.26517081288117,1,0
7504.075614603905,3,0.8837345043379193,381.182307861098,1,0
4393.739462980306,1,0.19482242305610092,419.6421483591474,1,1
4668.194141010126,3,0.3068197908359636,51.91368508872865,0,0
10022.962920381078,2,0.8130343413627178,283.6697712775804,0,0
14543.791309648437,2,0.4861680369913135,382.0655059797982,0,0
9252.73940811094,1,0.20850976121650425,394.16434406225346,1,0
1616.202272442011,2,0.4073844304314792,78.25679459305242,1,0
1595.9624008839712,0,0.19269439535310867,265.1250458596431,0,0
14295.636702260706,1,0.26017279766760143,429.491559649538,0,0
4810.716459456337,0,0.14162387755987604,162.66669540971566,0,0
1834.9712981958937,1,0.4505819956392799,215.4328649613396,1,1
9186.146513680533,0,0.7453088973802079,403.15746311148456,1,0
9542.90728520886,1,0.5687753429599164,49.213162985962335,1,0
9903.319891720977,1,0.5850762443876895,430.44917849504424,1,0
4377.329403934349,3,0.2604672240665923,159.02257478175048,0,1
719.104921109888,0,0.3751150746018932,5.717906712607942,1,0
14492.722857089842,0,0.7761936830726656,120.90877680289734,1,0
4137.949162520987,2,0.17028494746121164,49.302817243275705,0,0
10302.381176761939,1,0.786344522934827,50.73052896314085,1,0
10746.133113241289,4,0.48695202101182855,347.9536884005828,1,1
9345.107547652542,0,0.7697179450600938,110.91828614133709,1,0
5037.157216097899,1,0.35440513551552033,467.6974696736063,1,1
4430.895679578954,2,0.3710743612664167,260.6400505626955,1,1
9166.190099189194,4,0.7012838946585143,232.7486376876847,1,1
13058.386687369526,3,0.7279969387137761,219.97034151897506,0,1
14227.639069389235,1,0.2837157423921174,347.83088163745776,0,0
2035.6341638544857,1,0.8782970598575245,228.87006744918617,0,0
2745.014882666938,2,0.16759208339586318,68.65717633146997,1,1
14198.675752354655,0,0.15480237048170473,440.68522941717447,1,0
11179.760810854492,1,0.5764033722288823,217.05569771820103,1,0
13303.41046003171,0,0.6781926142172972,41.632264971253726,1,1
3438.173194962476,1,0.8687089033799791,267.03616381139176,0,0
9019.995131086327,0,0.42395662463908923,325.4366949355732,1,1
10666.524119053367,4,0.1202331271917065,141.4133197580905,1,0
10361.622338981104,1,0.5823170715571256,401.1685017985519,0,0
6418.199517567123,5,0.3317568164790175,336.53904378849506,0,0
723.2259295239729,1,0.44635769695632177,326.91887878589455,1,1
8952.427823661816,0,0.4907755857999482,213.30835166955814,1,0
4169.972318104326,2,0.15161008859042707,481.14807419858744,0,0
7028.68656907191,1,0.4887854276512823,140.72363813487758,1,0
14384.92471871535,2,0.44105573344345184,290.964223002649,1,0
6286.012105815304,3,0.6700354122292745,157.98230294894572,0,1
12677.123296634187,2,0.6165327289698757,373.67835272091924,0,1
3233.8387833641414,0,0.24817257452044883,28.656784515710115,0,0
10250.677221362917,1,0.2649111345683176,27.71746459814937,1,0
14666.60083936468,2,0.3008049430194986,406.3761799118017,1,0
1977.4499626575835,0,0.24316035223774188,219.96273972651719,0,0
620.6391622942842,0,0.6257705597347737,173.88412702717608,1,1
6786.950493172908,4,0.8955441433602165,305.72579677679255,0,1
1843.0695042448244,1,0.6216866724127492,352.4401752151419,0,0
11351.573070305354,2,0.585345236953033,104.59466668798127,1,1
13760.955625804105,2,0.42794234668085795,96.78846449534211,0,0
6793.304104277003,0,0.3500642070878086,479.2846201411414,1,0
4251.318811253894,2,0.8288590055251833,296.8838316603618,1,1
6798.848125595841,3,0.8752014993137224,198.10765626066274,0,1
10989.993358825015,2,0.49742094047018226,401.7136388614057,0,0
631.2853429153791,2,0.332160396405246,264.953684595069,0,0
9047.082847528109,0,0.7160977661358142,124.62309113541778,1,0
9392.729430866997,0,0.20596543269350276,107.33397629257905,1,0
9746.479579991064,3,0.7124705901149453,201.44533675406174,1,1
4009.3201597227194,1,0.755158699449071,430.6484508286404,1,1
10853.764488982837,1,0.1999231557017339,35.416718441908166,0,0
1825.176551810758,1,0.881489175037251,113.17037037360775,0,0
3389.419878768612,2,0.8884098323107827,447.11015033203273,0,0
13223.315676489989,3,0.849375583461881,65.25861163977899,1,1
11211.485685535212,2,0.4968278475250115,316.66473054076334,0,0
699.3105331645062,1,0.2968593138214628,110.68812721990743,1,0
4101.455775362103,0,0.5656074247055304,304.90408951838475,1,0
3608.894003400886,0,0.43594707077714856,194.6365625878949,0,0
4426.691756536102,1,0.26475891577375765,55.33006373334098,1,1
4089.6166690583527,2,0.43894112769427807,293.3251584392827,1,1
1406.6312882712632,2,0.6311118685420725,343.1061598068701,0,0
7154.637490653895,2,0.15673064862879285,341.7349463880724,0,0
11124.635384399395,0,0.3667344011568132,320.33203249099125,1,0
9297.610008402828,3,0.11423591201026016,252.61126656309517,1,0
10256.639194672156,2,0.6995964043693406,262.1389453453662,0,0
1676.6630887754677,3,0.6125530140933606,319.64185435494,1,1
14296.615297563414,1,0.1501377077615727,346.6783840645873,1,0
12658.13159072386,2,0.8717900476815743,329.1639857215356,1,0
12173.80961818711,1,0.11809724570168055,295.5380546321586,0,0
12433.265173105628,2,0.5719685171808709,82.1402974780386,1,1
14024.30236792504,1,0.7210939694392446,109.25518655396658,0,0
8391.682508648617,2,0.7303170504357784,133.81089041249743,0,0
3404.0892590805756,0,0.12742810847456304,460.2325202583136,1,0
9443.362313861848,0,0.8251321061123514,380.90057043949844,0,0
11271.781658185115,2,0.8347613375416978,278.6690756707547,1,1
11199.802203633368,0,0.5491122985234982,129.76817962930318,1,0
8061.0108504197615,0,0.4856665591097169,59.89130400586473,1,0
1492.6514303368817,2,0.13589397045007987,449.88581686008746,1,0
5881.137607236854,1,0.5495633140078949,446.86967783234394,1,0
13851.11582271868,6,0.42750326541618466,59.794319869367314,0,1
8974.509191482677,1,0.7182451259269249,399.62224971776556,1,0
8305.813177207845,1,0.42310685350887034,226.08930930840677,1,0
4398.3759585418065,0,0.6468646666597678,165.36363175111737,1,0
5842.509338790394,1,0.18112651699002466,370.8567454233101,0,0
13482.518292720953,1,0.20636181661277356,309.09312282506164,1,0
10163.714189139118,4,0.21176815251932668,391.114903258702,1,1
11917.111887908826,0,0.13642039983979481,41.79278601330386,0,0
7088.008634481,1,0.5330630874158431,162.70057487894093,1,0
9638.58468211429,0,0.7351741808349088,163.0618409562842,1,0
4101.5623267765095,1,0.5883289629549329,168.22778068244392,0,0
10729.18203911055,1,0.559963908442285,253.7275369586837,1,0
6700.219338698391,0,0.6444991427221891,145.09183252506895,1,0
6916.909964813811,0,0.3717162584576118,224.96988699332226,0,0
9915.173706364783,0,0.3895632573185831,187.04990859213083,1,0
14076.069011299436,2,0.35141607857673807,368.9715437701531,1,1
1428.0920258250035,1,0.6696871462828604,303.7328938591498,1,0
12458.77694153161,1,0.22931226853661946,328.5465689970711,1,0
4739.5551009768005,2,0.11042022425033951,109.239027570909,1,0
6936.832090342478,4,0.5769571573779939,166.12357183681024,0,0
817.7432672376299,2,0.8539050917873644,15.476896567976771,1,1
4865.168128597539,0,0.5875263335970438,58.645480110119095,1,0
7788.153018136892,1,0.7263373223527161,136.20184483449924,0,0
1314.5531215378655,1,0.6382325675728241,37.40454204450042,0,0
7620.888076055895,4,0.497949322818413,303.3030381755777,1,1
13943.104118447196,0,0.6747139214270768,499.0744073822935,1,0
2028.2016625631757,1,0.7592832990841775,54.90353096236731,1,0
11584.390557094814,1,0.2797853153373584,411.50895527128625,1,0
6440.230273951893,2,0.3689043843865164,63.81404239624785,1,1
10000.018860602902,1,0.2789805860026271,336.60743930423587,1,0
4273.430670785826,5,0.46173836447235284,323.3630135142135,1,1
2812.637806849695,2,0.8080516407333341,451.84488273154363,1,1
2826.7079069327833,0,0.37616568066826594,61.40307877185362,1,0
1522.1332118255973,1,0.39957351130444274,161.14501071053942,1,0
3191.8772210680236,2,0.7882937877375454,49.935981375569426,1,0
10131.18108234004,1,0.5122994645957402,206.65474627319475,1,0
13284.513871730867,1,0.5283591997179475,456.2386209109352,0,0
12304.822441071847,1,0.7886409626657703,391.85395977561876,0,0
10434.44749318002,0,0.4924213896203786,362.835549720433,0,0
2101.262019460989,0,0.6452460277035162,268.8486149070375,1,0
4693.217971291273,0,0.16851573269924858,442.32544245608386,1,0
4992.1996921758,3,0.24290537050150826,227.47369012945754,1,1
4124.375722765508,0,0.42350096057299647,79.09440521481594,1,0
7967.582065790985,1,0.49587125425589995,419.60468544478573,1,0
8265.530315755252,2,0.8725869609889836,143.42097238560478,0,1
5674.846639981098,1,0.876521306438232,31.54860280710179,0,0
5629.942801678322,1,0.7809576699830093,67.38882518105173,1,0
12514.05616963818,1,0.35247906822845965,306.48416351610337,1,0
11944.746300635441,1,0.8712226326659518,305.5055721409804,1,1
4963.039559370812,1,0.6514726917409701,133.79066968560707,0,0
13749.93243616226,2,0.4143521022539204,364.95417323325967,0,0
14315.817746536337,2,0.6613399335878131,387.9518769227695,1,1
5237.766859435592,1,0.11321818382922127,460.648799936141,1,0
5639.161757499295,1,0.21692374581937088,294.5440618457273,1,0
7831.695224618403,2,0.7637485692450942,390.81456525304856,1,0
14146.251781738267,1,0.6164589094985369,377.7843414869587,0,0
13206.631780563517,2,0.3913557610335072,132.6154789912605,1,0
1987.2354574620522,1,0.5005333121781751,158.5618343291414,0,1
6194.595777435535,3,0.8241137197166136,241.84878589767135,0,1
8523.882251371691,2,0.6052624875832693,14.424288926978006,1,1
7795.420851997331,1,0.41851942714746426,152.21189771307314,1,1
3311.0144850849438,2,0.19626132591802803,239.57202230539778,1,0
12952.843181938242,4,0.33499744130044884,58.494301164166146,1,0
10315.641353454143,0,0.8826721862372667,67.5065644486871,0,0
12649.671435351152,3,0.44989045028142205,234.30218418998388,0,1
12952.082050567347,1,0.47747157107588867,366.82769063503594,0,0
11351.159878153227,3,0.49887842591761233,417.70572080573817,1,1
6868.553718120901,0,0.8072832183585689,275.42537926485056,0,0
9352.927947723656,0,0.583142627508248,240.0007488356319,1,0
2825.2983887362757,1,0.6549416291615378,195.21888138757885,0,0
10267.858553386162,4,0.41153083403928326,100.50975125661508,1,1
3099.1722082195706,2,0.12327009487117949,77.54819139311053,1,0
10562.269062397274,3,0.8447783313942755,396.988743572595,1,1
3829.1733309325455,2,0.8593021447331252,235.17828294510642,0,0
2204.4938521781896,4,0.8593224426784409,396.20852151247857,1,1
2896.6251070728827,5,0.8549496693173733,353.5211027708117,1,1
528.8859606765188,2,0.7521935528556488,100.97847761977252,1,1
10921.724458876188,1,0.6476768400930615,257.60209578455675,1,0
11119.815211346497,2,0.7756079346138285,224.78823205922694,0,0
7966.533573742262,2,0.580436991200829,214.81738551489488,1,0
2839.760615303064,1,0.2074956911136189,273.57266935588785,1,1
1711.5378939050013,3,0.41297453203313683,491.13054103234174,1,0
777.3700133406617,2,0.87703592957835,407.3857958470189,1,1
2903.3485659957,3,0.3809102508765251,452.33765365704386,0,0
13417.405257255628,0,0.7942623309850956,19.671593672138584,0,0
4002.284204674386,1,0.17456917661989568,74.46650156229045,0,0
5636.934244649627,1,0.3673470739003757,46.95801181115893,1,1
2027.5095249793312,1,0.3807626597819037,135.29934750731192,0,0
3724.238918848469,1,0.14128203448718413,223.736783523492,1,0
8028.7562763129745,0,0.195275464149404,322.81635758966536,1,0
9312.413904886962,1,0.2545321688974168,252.911476811868,1,0
4057.6085554100605,3,0.7702524726480904,452.0760378820042,0,1
1337.1163087641994,4,0.15072159195184512,470.2286996524626,0,1
6169.97660234728,1,0.3389607210755098,85.94287084274215,1,0
3895.948878431845,0,0.10814000207141401,427.1918955310686,0,0
3683.5318868321283,1,0.6565021963224198,243.452490986584,0,1
14418.0106393451,0,0.5962424720347038,229.39808830210524,0,0
9436.357045923,1,0.6159858096425135,393.5449774998612,1,1
8574.73742599539,2,0.399506227771695,51.10455197721391,0,0
6528.739001088168,3,0.2666142570140553,441.83409807247756,0,0
6719.692834737092,2,0.6762561706288267,337.0773605010693,0,0
8343.122555652171,0,0.7488942981925562,438.254495790709,0,0
10598.232202023555,0,0.21088119847856143,497.2664009652733,1,1
10681.118394636527,1,0.48946354234993705,261.4122039168404,0,0
2989.561661729019,1,0.29897254558309005,51.164787964919846,1,0
7751.634905111091,4,0.23448548896490698,87.42931215078882,0,0
6473.392377994479,1,0.6874602507959993,165.19103006438343,1,0
13122.64101090607,2,0.5304775483782697,56.25870635668123,0,0
9655.574357666457,0,0.2729482659029342,408.5942039381961,1,0
8221.308963031737,3,0.3480000089692361,151.9495862612204,1,1
2173.2223115943016,1,0.8733229370621939,488.0636630698333,1,0
9281.749395189467,1,0.7789436517668453,352.7827588062686,1,0
2199.4566323633844,2,0.8039573942985027,90.84803327650103,0,1
5389.495345703405,3,0.46800967766456647,240.64111023725044,0,1
2571.208489807812,0,0.5990458111367001,236.10768970849395,0,0
10535.067881853349,3,0.40141419216352936,248.79327087514875,0,0
3490.6556506242127,4,0.16216958055111244,270.1671294682531,0,1
6181.960911226377,5,0.420855448525426,20.430675747276776,1,1
13487.284275472291,0,0.5751846025657158,344.71905724309363,0,0
3462.5875592850693,0,0.32971541661450515,246.1599287677794,0,0
7863.173427402297,0,0.7783604597819326,396.527872440006,0,0
6579.439086907319,0,0.2208801273396789,408.5980387639131,1,0
762.7985951630811,1,0.393703271549536,119.11488538590014,1,0
11994.992646805786,1,0.19992312425936234,28.96935848125501,1,1
1501.165641561696,0,0.4238657071881803,353.1007587755997,1,0
7376.697804165828,0,0.13172904397941637,488.99258028961776,0,0
8629.835276614775,2,0.31803951604931635,226.09570335754603,1,0
9612.183620911512,3,0.420588204090947,133.5083407488299,0,0
10485.158624964195,3,0.4825322906213533,82.55258781882307,1,1
4172.449561079369,0,0.5349570867801136,147.2855707083396,1,0
644.692261547516,4,0.3199929038319351,167.32017792886765,0,0
10989.933104146223,2,0.5184330676918979,214.81799800005993,1,1
8267.020690539888,1,0.5072036972496479,329.42652599122033,1,0
12623.706696505107,0,0.3529424407009668,140.2157127597124,1,1
12410.131262060067,2,0.7641602645251826,30.233497916994605,0,0
12728.229432924305,1,0.5365129012748521,189.77291272849618,1,0
7533.872569703332,2,0.36581577499723605,428.5366599987425,0,0
5337.611739634552,3,0.8578708096646211,251.68399787168246,0,1
11977.593937574866,2,0.7760899304569289,482.5679600839779,0,0
7043.764638924196,4,0.8860702492414407,254.2926578889222,1,1
3159.9118478498003,2,0.6537870997163366,141.56991437631467,1,0
12897.123283641378,0,0.40257832440483754,100.69042863638121,0,0
13297.118213199035,2,0.3246885333432099,348.78962590886033,1,0
7261.491464032467,0,0.6306542749395848,270.508736459831,0,0
1597.6460459919183,3,0.8846532659962429,303.97946985274353,0,1
6123.478303795503,0,0.6013720640830791,378.7877607203949,1,0
12151.296062207748,1,0.8052919527918706,364.322214811122,1,0
13575.723413920316,0,0.3632827448382149,26.464833583272355,1,0
3450.3547662151395,2,0.42556302597940454,402.273093121039,1,0
1471.1173743664372,0,0.8250201916714827,268.6881369905972,0,0
13221.58157042616,1,0.7054933615662551,198.89572275331247,1,0
6146.3716151936915,0,0.8851282562943247,271.0721160026948,1,0
8355.533981879667,1,0.7198113677857936,308.1634669863759,0,0
14536.954274736005,3,0.4588125657745854,79.00562338752951,1,0
1465.1885547562315,2,0.5248544158578905,211.62062068659029,1,1
9900.611108055386,0,0.8204123939705094,171.11517404315097,1,0
1574.5286273355725,1,0.5413173888784384,178.452427684929,1,0
5944.299462764256,2,0.3043178993315562,50.21079451161757,0,0
12155.310905304977,1,0.4484958502159596,84.12252656011405,1,0
6785.347374956699,1,0.5130527910792944,85.10687345517958,0,0
14959.14413159278,1,0.17737586684090367,189.74624789471565,1,1
8606.359631725732,0,0.6950101394023122,447.7733147130218,1,0
5156.851213221325,1,0.18748314668397842,106.98354910086663,0,0
3691.6142256189205,0,0.4239341706950446,211.01529129902823,0,0
5582.547747149346,0,0.7436979532323237,159.24666057307326,1,0
5901.732469513487,2,0.4740562892906376,394.75473971291234,1,1
1496.348326997434,1,0.7736124157748064,29.812583998803994,1,1
5858.8258916882105,2,0.37350505764489206,102.28898079026575,0,0
7231.458536218762,2,0.8661090351987484,109.26756346562321,1,1
10979.697407462667,1,0.26757474544418847,496.5165861550495,1,1
10022.577528463316,2,0.13061131599144105,287.53363389332026,1,0
10777.102000822737,0,0.7979412343923349,73.78434086984151,0,0
621.2733872144279,0,0.7017621727603266,139.73857394189992,1,0
3656.1772939177727,5,0.28558706965389824,88.07193659084751,0,0
10094.42218179792,0,0.8877932857093391,66.67926196162676,0,0
7517.845838606334,0,0.5018241034148223,399.6051040619068,1,0
577.0453971910163,1,0.8608523521153308,250.39755118687566,0,0
12165.172315261423,0,0.5040230171095995,317.44901774014676,0,0
11705.738812709893,0,0.4774996694170328,168.96936726103803,1,0
8452.07786340666,0,0.459310829715572,279.07906760332804,1,0
1463.7182237559457,1,0.3679002209063602,132.49667109923007,1,0
11614.468218222477,2,0.5269611977412414,157.47795608947624,1,0
8963.847022104777,0,0.4620437295588543,327.85778246153285,1,0
11838.419668790408,1,0.1293975012988433,79.42331233001897,0,0
11400.331389739686,1,0.30834818673880204,310.52482028789365,0,0
12143.530043388639,2,0.27049824008444673,426.856234129448,1,0
8011.11696286706,1,0.7939484818568533,64.60949695948068,0,1
2534.7055138059673,1,0.5790959817814731,449.2433338821396,1,1
10231.783364005485,3,0.7109464803597819,44.32561174795302,1,1
9496.869883253574,1,0.8654608301994244,177.71006734315714,0,0
11262.671214386764,0,0.615231418021128,307.2021110428073,1,0
2963.274587735662,0,0.8860879931237955,281.91030625867575,1,0
3327.140398554194,0,0.3494112413217037,52.713580884744566,0,0
13410.937999680264,2,0.2490137458503151,400.46201805399727,0,0
11374.678077555027,5,0.42264791039432914,486.7108801069001,1,1
13669.313086154682,4,0.4766395319486464,94.7080031459662,0,1
11501.37215687685,1,0.8162892342820681,448.0898300586541,0,0
9158.751936859377,0,0.547952351229341,280.6206738453165,0,0
9984.924686904169,3,0.3337447995344136,468.28721676643704,1,0
13392.354897130144,3,0.6941074262940167,92.16254941629676,1,1
8892.697940423137,2,0.5046655497112568,397.05058962381514,1,0
9669.674202761616,0,0.22970555622013614,34.59187984543891,1,0
2768.9123820522086,1,0.5614558300730018,442.1822411673496,1,0
7371.857691683489,1,0.8291156294458272,338.70891398881867,1,1
10887.758123392436,2,0.7740980939806561,188.27611804160287,1,1
4428.669125587298,4,0.5694479781082649,99.28107763143583,0,1
3432.6856176057563,1,0.40166653910799055,409.1838837907664,1,0
5050.488719254025,1,0.16958300085136893,303.6044540904317,0,0
4001.759105896085,1,0.475719138665299,183.40584720926068,1,0
3616.23323702774,2,0.7016635500236633,224.69873327724554,0,1
6660.3372215872605,2,0.3882189757864085,414.1386147558264,1,0
13663.658451311245,3,0.28835746044133154,172.76896071164953,1,1
7852.364877711415,0,0.8451037754167627,49.36817566441471,0,0
3224.845521822184,0,0.757244560366394,456.084675240719,0,0
1616.089206022674,3,0.6106204955361157,196.73515113072713,0,0
10594.264104499916,0,0.20942667513641552,177.45181800203068,1,0
6050.582084327623,2,0.21592707232493843,106.17781134359,0,0
12416.54872548771,1,0.1825756731646232,449.22417275803105,1,0
10062.906145291168,1,0.5930373335141946,112.66514017547776,0,0
12045.501032849843,1,0.19245023717866883,320.15306966068493,0,0
4443.217571567507,1,0.7741017590901065,440.978680746011,1,0
10539.204375685344,0,0.8943720014554577,22.282239228592616,1,0
4328.898778058922,2,0.3930785477669322,415.2518941235969,0,0
14116.492952029228,3,0.46293587757367793,208.24671373643838,1,0
9727.42708223393,3,0.669333741588543,330.6974147562799,1,0
5205.42110254246,1,0.8497224050606127,189.3402587966492,0,0
4407.9220032379535,2,0.8152750188451081,349.2805468920095,0,1
3268.435483538831,2,0.1460734629998789,130.87598270606108,1,0
10572.293903959053,2,0.23525744204541202,15.855618505521155,0,1
3671.376388469946,1,0.7036777588462338,474.154819820037,0,0
9131.897355948591,3,0.6511144864259578,13.102043199840974,1,1
4337.2078904176815,1,0.2065748752320986,412.929148368586,0,0
10098.549699511095,1,0.5016516656012542,88.72310869462453,0,0
12316.626063837819,1,0.7246517048682365,199.1490131580038,1,0
11781.36602559747,1,0.2750245458101549,412.1337263704976,0,0
11532.344298496335,3,0.797030108587733,106.93641440461094,1,1
3221.974882537655,1,0.14237741985629437,433.5252647348927,0,0
1781.5817312755212,3,0.7257560680544591,251.39067485544118,1,1
10634.75801306709,4,0.5926551198318962,186.2459640450519,1,1
5841.034600018094,1,0.3521594773234793,332.9066846344864,0,0
6769.020282848536,2,0.6767460386735291,173.98791238057396,1,0
951.6618455041705,0,0.7258926361209278,176.90773770319672,1,1
4263.858514488213,3,0.8471191770431754,368.0955635144601,0,0
988.3078561797283,1,0.3942197377234109,158.36695114685838,1,0
13248.19370271809,2,0.648813388783964,104.38246093544042,1,1
4029.251906668692,1,0.5820930215477528,404.78483335830316,1,0
8581.388958808617,2,0.5201648555656708,403.6586616949797,1,0
1065.200149586391,1,0.8123331793240304,251.30492333490028,0,0
10169.287173932042,4,0.10253385131072026,265.6945300006628,0,0
5183.896513434361,1,0.3256892848828781,349.5579297549811,1,0
13519.828210886155,1,0.5306217916358641,257.0907744224046,1,0
13377.71373954352,1,0.24263460930924188,211.4347796897701,0,0
5216.713966245343,2,0.8262932269862067,497.47262568188916,1,1
13563.932987511784,0,0.6180760940904123,78.08201178701667,0,1
14944.286265732293,1,0.482306395705592,298.40034972373104,1,0
12468.527129797247,2,0.7517614072533236,443.50219790745183,1,1
12750.63454245082,1,0.46070895317208305,345.1714453846518,1,1
4110.6266735818035,1,0.5469224095440076,441.057033048678,1,0
8862.184783437466,3,0.1022007964431368,171.48568657556294,0,0
1475.2107525268339,1,0.39256042415605885,139.6365232488184,0,0
1876.3100839142107,1,0.2110323778807758,426.37983151654186,1,0
14983.942874482715,1,0.6517509445298328,200.08671521180295,0,0
5236.269116675709,4,0.48322156718058706,356.2927499133691,1,1
11348.666724708273,0,0.34140604580018463,78.13554631498656,1,0
12196.643268888838,2,0.47426587149739396,379.139872061454,1,1
12941.337429604824,4,0.267703910361077,276.74641126731035,0,0
14965.61031233127,0,0.8400693059889125,137.96276175567814,0,0
4001.699036224584,2,0.14317810604073042,249.779462159658,1,0
1085.0869894656457,1,0.7923336282368963,349.9870947906532,0,0
6462.277010921497,0,0.5090870309866807,10.883772379454921,1,0
2386.1697125197306,1,0.5951571969110538,320.5461941129941,1,0
825.1753928497992,0,0.34208449672696306,273.08743524527085,0,0
5726.188993551548,1,0.8733580934354571,114.04165303463263,0,0
11864.204640590928,1,0.3254807668155919,377.7256316182174,1,0
8709.620022763527,0,0.5711023977122435,155.21318739343457,1,0
5035.280843550134,2,0.8947333640857031,142.04616111554955,1,0
9987.959079644435,0,0.8048755171067566,238.25308275466472,1,0
3864.2636144777553,3,0.5290638602288849,339.69409081907054,1,1
708.5309680452328,1,0.8922996183737697,464.77875805874595,1,0
11583.124103328197,2,0.6610958893860917,74.97183535039146,0,0
9544.274730528132,1,0.26696033291344745,201.25171977210815,1,0
11553.38805526392,0,0.4244769683486451,38.159848293751814,0,0
1064.6012419711515,0,0.36759466720924083,380.4826199985125,1,0
12638.234603544457,0,0.3752109666169513,226.62778039227356,1,1
9483.129900526397,2,0.708365151487893,354.92992191815165,0,0
8669.232585333282,4,0.5674103418182349,164.4862398682622,1,1
9556.903697660708,4,0.13047416927162284,422.93703449613014,1,0
13034.28207959128,1,0.8019587869207808,269.73989872885676,0,0
9010.579345104152,1,0.33743691238413165,472.0858718027093,1,0
8923.7805083786,2,0.897659901530515,44.01324637629693,0,0
14864.847777453604,2,0.8633525842678286,259.5670281483268,1,1
11472.587422494236,3,0.8524245733455722,384.39534676886086,0,1
6913.260179041462,3,0.7489020832511789,302.0755607964393,1,1
10757.256500477451,2,0.2764906653468341,16.481099511287166,0,0
6143.841839530933,1,0.5261061952230256,486.307645780221,0,0
3818.6942060107353,3,0.2794421014599797,152.6405280725697,1,0
9154.352214872511,2,0.3077403644711594,128.3925438513591,1,0
13958.640422652295,0,0.588761415549022,245.40163842525686,0,0
13972.52304022421,3,0.1326668362824507,273.3682632240577,1,1
5457.62653252961,2,0.8755668534565662,384.3126281069636,0,0
8151.323260214577,3,0.8349385380623716,199.67046054119962,1,1
3568.7205292629874,1,0.40461405772617587,222.78038634879505,1,1
14936.65108773381,1,0.5123379584055304,269.8051583872463,1,0
14726.209664085069,1,0.47289553541420726,200.22161437211213,0,0
9917.879480757987,0,0.8057598228939759,457.7012991550722,1,0
12164.003865323364,0,0.6508815010528888,426.36972348395483,1,0
10868.95233861365,3,0.32248899793948516,230.21197906354976,0,0
9100.79417607229,0,0.4574730035722375,5.096456856971983,0,0
1273.5459563390166,1,0.443172780549411,450.9625752869939,0,0
7094.082967013585,4,0.8674681346271349,66.5466038525353,0,1
10284.401381427453,2,0.24024872841171174,126.03364552105288,0,0
10324.208401313428,1,0.17166106983554325,80.41883576087211,0,0
5910.277967124562,3,0.8044950657293523,94.00870714060676,1,1
14154.533806541443,2,0.8173487916046968,402.4243812554682,0,1
2926.6769674333245,1,0.7973912703297318,291.8532136246325,0,0
7755.211970125629,0,0.5087815325004451,478.2671057470475,0,0
10517.817659986931,0,0.6277955426155684,119.56948860023965,1,0
10608.469185431233,3,0.5506904380487871,245.38927952496084,0,0
9905.264873147826,3,0.15555826084352076,488.8270426958226,1,1
4491.679095051973,1,0.576667917520578,414.089539566011,1,1
2764.9952459560186,3,0.1108913178048807,365.6647611646431,1,0
9721.134738987308,1,0.35998992764566895,98.542724678542,0,0
9189.880684021848,1,0.8458340606985336,385.8556734503095,1,0
3100.662149193994,4,0.34323621570864604,177.0447356849793,0,1
10724.517610773168,1,0.8518613141153983,267.615764038145,1,1
7099.993880138018,2,0.30010716571939544,306.5348004545724,1,0
10182.528578245718,1,0.351649792369226,306.63503720450575,1,0
12641.822656667186,1,0.6027259971508429,364.6291185971906,1,0
2961.062214365386,2,0.7093015782314359,332.5425358578918,1,1
777.6005859541318,2,0.5011102144039072,38.84358525874197,0,0
11796.987502738908,1,0.8056925497553243,231.38677784480808,0,0
9340.612664712931,2,0.13219233728849542,333.69069532638974,1,0
10644.773759520765,1,0.8377558709074965,151.5165261720357,1,1
12653.247137335316,1,0.25704623991632647,159.9630601721129,1,0
12140.758554955257,1,0.8073909960677248,66.6609361385347,1,0
14433.342130467958,2,0.4206905435891044,212.21441805755342,0,0
8271.058643355715,1,0.7662056446968302,493.4810649815565,1,0
7583.186673568628,1,0.6373324398429561,146.2330838375785,1,0
6327.364398415586,1,0.2407533059826097,268.06126187961854,1,0
2728.5201212409656,2,0.8344380559051587,372.90244012564676,1,1
8802.804876789325,1,0.29641391239076775,11.681149087713978,1,0
4516.681602726692,2,0.2953120949559993,450.71758200115795,1,1
13858.958927088144,0,0.7513431173099044,196.34234143884456,1,0
8956.266662017915,3,0.18469860445801684,435.2124134219362,0,0
9096.182617367598,1,0.27762872509636827,24.27909115524163,0,0
5646.407582716645,2,0.5029420587368499,77.10345817251955,1,0
1253.8456036767584,0,0.7643816229492995,164.6520799663918,1,0
960.284597908335,0,0.217987179789814,176.00357766632297,0,0
6638.359590221364,2,0.5381345876098771,424.65814039886817,1,1
1726.197982409949,1,0.6689924734423516,10.544552117176426,1,0
9299.280855332017,0,0.7884761797727611,322.35032935249137,1,0
13274.108581775032,1,0.8484524481617757,69.99965590838238,1,1
13302.264839521471,3,0.727711931575146,412.49174710196945,0,1
10056.15844691737,2,0.6222627185776015,390.3937666491666,1,0
3562.8615563574995,0,0.44689606825021266,252.46090856854428,0,0
13013.454054703645,1,0.1896881233507357,110.28017662862571,1,0
13348.354812041518,0,0.667789754020417,319.07521852795037,0,0
3351.476981817901,2,0.8941898435803896,82.3478672405346,1,1
11192.67824367482,0,0.6894084757856799,99.06177733336345,1,0
4654.5334594432825,2,0.11336887499018103,315.2115016015521,1,0
12138.28452911748,2,0.497007982433471,495.65808081386905,1,1
14959.949548602239,1,0.5917173059863231,446.0751144400104,0,0
935.3770772761958,2,0.6517393608822745,298.58814205342014,1,1
13511.805053968514,1,0.6757806684805668,271.57570053987473,0,0
9528.142737180542,0,0.5464867529732192,499.20051560401373,0,0
14614.047977889906,1,0.27868826618739223,275.96158807877737,1,0
7242.6380041332,3,0.8537605291812373,212.95767836992474,1,0
12787.124993284919,1,0.6573331741309295,455.229990208794,1,0
1404.7139946750199,2,0.2894720294955276,120.92122645529768,1,0
5361.546226135288,0,0.35785746581621836,53.27536519692044,1,0
1471.7397973925445,0,0.8375421365042958,318.874567009106,1,1
14642.475435446522,4,0.8099881493658686,52.445568715530754,1,1
12346.121655441633,2,0.4241171506864717,189.70852579171526,1,0
12861.937608066572,2,0.1306457775931608,214.67080586295165,1,1
14100.495855791465,3,0.13879789511515056,276.0313431893704,1,0
1734.0005487368876,2,0.3271346327347112,495.87147514524133,1,0
6091.165091443334,1,0.6032977754711996,114.38595304992448,0,0
1530.0058911380308,3,0.5673557082676495,190.99940736092145,1,1
3556.499972475415,1,0.6070622295551542,70.45886158327572,1,0
3825.803767046249,0,0.6738263775456853,305.76869538645116,0,0
7302.054560189891,1,0.11522580287419074,365.1982252423776,0,0
4394.151428077817,2,0.1840684761379543,243.62802750176004,1,1
1964.182548857536,2,0.3875867614617702,126.68647780353567,0,0
2928.620791864562,2,0.22388799801726542,312.3396932449651,1,0
2635.4956715053186,0,0.16025603403564334,271.8830730675805,0,0
14609.613569728324,0,0.6127715167978656,89.73693308484027,0,0
11509.741350317867,2,0.7522691819928793,205.81254074855448,1,1
14532.54124640865,2,0.702101325947426,220.42256035942148,0,0
6876.237054364674,3,0.7536318228873434,491.3957881168593,1,1
4536.342984108521,2,0.6326852352463017,425.3964869169833,1,1
12075.251359533208,2,0.6882762574513618,368.51354019542896,1,1
5230.681811596628,2,0.3174230193666411,444.944627623959,1,0
4841.05891872755,1,0.8944064290273315,369.0647808852139,0,0
3871.3368870135523,1,0.2465325235951097,452.183918287238,0,0
2380.3451842514123,2,0.271595099511506,32.00379186535645,0,0
4218.714384743107,0,0.3311374654526775,230.7527735871237,0,0
5652.136352871372,4,0.8802659440852632,374.7146759447076,1,1
10272.91601811309,0,0.8906308714831249,293.7314193219567,0,0
1407.1902121820478,1,0.735914999765198,91.7072512546394,1,0
3552.350625147473,3,0.603246078847707,173.54358283162446,0,0
12230.842784229308,1,0.5160500601476907,162.29831563821216,1,0
2630.367891964676,0,0.8764966765494766,134.36672202624632,0,0
5468.354624576562,0,0.656498242286598,174.8520989894132,0,0
13037.554366943032,2,0.8557841026608242,259.8523777882549,1,0
2746.4170115799184,0,0.35324063958209917,428.1601672677216,1,0
1699.6841164637535,2,0.3670198338156525,372.30616788490937,1,1
7525.800928660157,0,0.7837796752947485,418.44860348803564,1,0
4885.082913538778,4,0.2198839364682355,442.3838535587277,1,0
8669.421285015884,0,0.8567422890368607,210.9944757683156,1,0
12155.17091201039,1,0.505979483730726,176.28301059323985,0,0
2488.6530782147756,3,0.8411311028669582,33.523573933660096,0,0
8920.136726037132,2,0.36943423098065054,465.593352828835,1,0
7829.877025653027,2,0.6727671233115176,37.58239387938125,0,0
2589.1423971913937,2,0.48630009757815174,371.8620801083828,0,0
9547.978040170245,2,0.6014429041963785,192.16361071046566,0,0
4467.786058981189,1,0.5034979945113218,474.64648337709724,0,0
7573.597618888181,0,0.8736924938970891,212.70300036239385,1,0
1692.9487020173972,1,0.6536843182511338,409.22113392058463,0,0
7163.968829597534,1,0.3010551749010524,144.9141419210199,1,0
4943.7202866208945,1,0.8277415375240676,153.0489150357041,0,0
12424.527562187637,1,0.33522379052408346,299.78210788982494,1,0
1326.1915414618402,1,0.397284079440685,499.00140368519953,1,0
6569.805486315784,1,0.1816989584161707,261.1983468997022,0,0
7147.255649905851,3,0.8199732158369527,468.4727750146788,1,1
11012.588106337222,2,0.3288896185822904,394.19366498312024,0,0
8827.16983880806,6,0.30713409434510586,398.9528355177313,1,1
10174.578889315626,4,0.8362100783959632,220.80019461873823,1,1
11767.214641950464,1,0.7444214899240267,196.33841383553633,1,1
13001.943118043737,1,0.21286313721549954,100.00129500495362,0,0
5051.194702475822,1,0.7154596031229445,482.1509271569085,0,0
8301.329227776594,2,0.8304264784430326,479.89983815969094,0,1
12681.567137368398,1,0.16280897456859514,374.7985284835405,0,0
14847.041398993319,7,0.7601719959236585,151.64496267707142,0,1
13398.030010134566,0,0.5379360414984448,126.36387246942968,0,0
5886.275308053463,3,0.6353579595030405,494.36206998154665,1,1
3329.914499670431,1,0.49428347112394955,37.93869347854786,1,0
7596.191792395536,1,0.6582424679242229,422.56432460994796,0,0
11253.801051622613,1,0.12727828933340257,180.95171023882497,1,1
7642.251525922815,1,0.7101653785786269,212.34051126497417,1,1
7506.122518048193,1,0.12667495828716674,416.8289361306744,1,0
12654.341105686108,1,0.4642398781978748,49.84849292265223,1,1
5740.354796474202,1,0.2207719945042359,180.31399086752728,1,0
12967.022784768862,0,0.7588594218810457,476.2520171989387,1,0
6398.669613799992,2,0.35092872734053493,351.03762682177194,1,0
5259.380032335921,1,0.46327483568346606,378.69488657891577,1,0
7082.853712395636,1,0.44300059303864925,379.96512397296084,1,0
11555.480900785593,0,0.7180015725477652,34.98219116615254,0,0
2327.029404027917,1,0.4849154878367804,105.58775866391342,0,0
3348.078630144252,0,0.7311666680082769,248.17531176019983,1,1
14295.949972114833,3,0.1588066214421402,187.2343650753107,1,1
3044.6285970296817,4,0.2532751743223961,208.40158510076247,1,1
8732.046110000292,1,0.5412273997170886,391.81645241970796,0,0
8900.059766598099,0,0.8576706598021561,12.266221358528961,1,1
7599.554699728549,1,0.15980627737742426,331.9435035290132,0,0
9848.80610436387,2,0.13446737292549146,5.054564741902117,1,0
3832.4875240654674,0,0.22524053994228455,36.21397016024063,0,0
8513.602882762849,0,0.6129225030881252,207.10162931962387,1,0
5896.512201080009,2,0.4191943333361977,421.26951730338664,0,0
10094.175264623242,2,0.760441903534149,76.77290395440794,0,0
2547.741378910667,2,0.15754652118509266,279.5375975186627,0,0
8777.722544172406,1,0.2571312694517609,340.86008727923837,0,0
3186.4201530581936,2,0.34002112437191656,118.61877766521947,1,0
4540.324415168028,2,0.6013840693510282,258.6034763584436,0,1
3671.292104691957,2,0.6481381522412378,456.1466051534052,1,1
3151.147808097848,1,0.19936263517101907,258.55312005593873,0,0
12472.808797629672,2,0.8550437671933916,82.87491558488576,1,1
4642.75973108291,1,0.37283530815216737,315.76807686033465,0,0
13943.294837034515,3,0.6705350104002264,298.13908910421446,0,1
14563.934617505267,1,0.5193661751581591,18.342606100074953,1,0
8783.27681408791,2,0.27820649083768534,49.84423084504547,1,0
2573.5162786530327,0,0.7769826584923288,82.60677079480033,1,0
5930.949529003929,0,0.7545904225535439,72.4630933931256,1,1
12067.117818549103,3,0.41685748313335214,133.43555642766188,0,0
5827.165566107522,3,0.5708860685550844,229.78213500160615,1,1
1761.7496653904368,0,0.3062605567487518,188.99956745999728,1,0
8573.381208458726,1,0.6518813029970412,445.8716962452755,1,1
12754.252346692505,1,0.34722145009634514,307.99415765613685,0,0
12040.932613580784,3,0.7752629875057879,438.69145323111235,1,1
3039.285531890122,1,0.2739080834218195,265.8844658342114,1,0
10255.086908980767,1,0.11184273825477131,49.48588299122328,1,0
3697.311819816883,1,0.3148064335743348,234.32728728788524,1,0
3664.0092510064974,3,0.2528419891675894,411.90611068697064,1,1
13174.040712925185,4,0.5066291517799394,101.08136474771851,1,1
4120.199814733338,0,0.26296263332526104,50.15106798256163,0,0
4317.086524511162,1,0.7105518965755958,168.07019547743874,1,1
509.4741660388435,1,0.29309651040320317,197.5044261668691,1,0
13124.700994820007,0,0.6655745439301246,156.59754982092267,1,0
11992.624791532453,0,0.5627767384109793,71.94418888415521,0,0
9596.26955881483,2,0.8889998851775075,129.16573056224868,1,1
11378.853577113212,1,0.8999207816073853,342.7297902780446,1,0
2704.704227655131,2,0.795620866653864,196.03461556511616,0,0
7145.692121519844,2,0.707986695439001,318.1119750861851,1,1
5592.681116557323,1,0.40916513120045905,270.47037105977256,0,0
1859.759630726739,1,0.7026213817050428,276.7812052295462,0,0
7548.892035616399,0,0.8653404296635926,128.032031184159,1,0
13850.724929968213,1,0.11870206031635533,263.16380122024987,1,1
1080.85722623507,0,0.5303317601581911,16.67938336228488,0,0
4726.183245660011,2,0.2743986435107477,218.71315245083846,0,0
3509.3435749827004,6,0.5463010526950803,288.448297479008,1,1
3953.1264781525965,2,0.473157671807113,95.0878325702841,0,1
13672.30100225094,1,0.5606148652418276,131.99646059323095,0,0
7287.001286397207,1,0.5407697771349794,113.6678548087316,1,0
7261.341487627373,5,0.8680856313348496,39.92618785638497,0,1
11528.346815601593,0,0.5417488871477889,177.18937396434458,1,0
2740.136958071424,4,0.7769856704998939,489.58805439371,0,1
7565.347634450736,1,0.3558562294406772,180.170801199487,1,0
6734.785604755366,0,0.4504805510328391,232.96562780930293,0,0
9155.205012926514,0,0.4763307808358479,328.2781892234057,1,0
14993.586697131359,0,0.3229824346683038,326.006386828708,1,0
11657.008964189683,1,0.4038322091823642,475.19801510921894,1,0
6269.052693752694,2,0.5788104635734203,429.49424949756695,1,0
12499.519257973681,0,0.5641502106436259,398.00559011705036,1,0
2975.271268030963,1,0.6091482756587844,476.05547676026373,0,0
941.7234514799218,0,0.3814543323361129,119.22886581416995,1,0
3464.501400731959,0,0.35266519612244573,310.4418263377873,0,1
5435.967563656765,1,0.5892943062033305,444.16239952746736,1,0
7903.420983163618,2,0.20628939874201999,313.9483883476604,0,0
9419.372537847397,2,0.302425234825712,488.82313493040044,1,1
13703.782899609116,1,0.13370218956239618,54.67459338365761,0,0
7892.883138481637,0,0.1580886820768641,222.46859888263415,1,0
7768.496847073076,4,0.2947066234084871,488.7946394147749,1,1
1228.5236424332409,4,0.11562342423753523,192.88617414211325,0,0
1006.2175135152452,1,0.29632847366996923,371.08040567415566,1,0
8491.819447787395,1,0.6239810584496208,20.049436033931343,1,0
6853.589892100996,1,0.14888566277514645,348.944371742005,1,0
12668.11572721433,1,0.4493893422357128,467.64023260115135,1,1
2829.853978321755,2,0.8304870295356396,194.43961116905135,1,0
862.0891006972192,0,0.7330278631403208,15.543419773830086,1,1
7011.062134986825,1,0.3443500018358858,18.815353175764507,0,0
3943.4390729077336,1,0.8398443833533177,446.55153632698904,1,1
1219.408413413143,0,0.36371719739817987,362.6454730126496,0,0
11006.67515929062,0,0.15801239707005,57.809760192157015,1,0
2118.0984993800885,3,0.8952447654144908,32.0221871403423,1,1
9320.632750112689,2,0.7960180217513374,403.3885549896623,0,0
4575.221377419893,1,0.47274622664087385,405.8810132386527,1,0
3015.6927301478195,0,0.6331012193539232,64.65831069706425,1,0
6006.397082330103,0,0.6369824622853362,154.2525999248752,0,0
12120.963755232828,0,0.2555857845843683,391.1129019640753,1,0
6185.356865116304,1,0.26003890652290584,265.07897512223315,1,0
11386.159913560308,0,0.4756645626814606,478.5095060590232,0,0
2319.5513035876847,1,0.8292585121101584,243.12600944627246,1,1
11705.185585143647,0,0.10799501988685663,340.09417909492873,0,0
3935.5332111464054,1,0.7260045087594874,257.3427660420842,1,0
10322.200383388656,2,0.14602142697172332,471.7679203640976,0,0
8703.832545194447,1,0.48257769190649424,202.33625057346637,1,1
13972.598399569466,3,0.6102982664587812,118.74924531340702,0,1
6116.1765106420535,4,0.6494074136659719,166.68376083909163,0,1
1459.3952380993865,3,0.14678341089272912,427.1237260617885,1,0
777.754540493167,1,0.4348828939071746,251.47958893850603,1,0
12489.44913410492,1,0.5670698084018597,180.3548902336083,1,1
8108.6667460907665,2,0.15283642984480555,274.408710795694,1,0
11741.038751606764,2,0.20807564527624783,70.94870510203697,1,1
3899.171200166963,1,0.6309191916032308,7.6528557896700615,1,0
5503.714309941889,0,0.5173105572725214,143.88941842827793,1,0
936.5061470641247,2,0.22946292901463244,304.47783129285347,1,1
14441.638706324626,0,0.5281914695317868,357.2819809823867,1,0
10184.084647161795,2,0.8301538987555327,414.1724283442235,0,0
14031.47377250994,0,0.11247006782029115,463.6984619002625,1,0
4349.697907721549,2,0.6141070187886837,208.9956117475602,1,0
9366.222362772081,3,0.15892034768427354,371.55581578094007,1,1
10338.249540243249,5,0.10515955437176068,41.963100448040954,0,0
5104.470653735032,1,0.22052359092850704,33.47734939217965,1,0
12797.583907726636,2,0.4383253054831354,66.77500603314752,0,0
14233.841212053594,1,0.7418751991855624,227.04170342622737,1,1
13330.399206592063,0,0.3254283972836469,109.5843120568812,1,0
11216.471151120903,2,0.6005385699110068,147.02784625921882,0,1
4523.237856011834,1,0.4289253103642453,325.7006858885898,1,0
4583.4326105316595,1,0.2874654335728064,182.46847850740875,1,0
14468.72464646755,0,0.5113976914262869,280.89892107042095,1,0
649.1251910675344,1,0.7379715922980986,209.13985958461316,0,0
10882.724612011096,2,0.7659938960449154,88.63978148231068,1,1
10740.569357051301,2,0.7772156255017894,41.639895176667586,1,1
9528.998343772064,1,0.3708462500439835,121.93459017839449,1,0
14856.578268259555,1,0.7347648517726024,33.56173239806695,0,0
5022.2518185740155,0,0.2697427640871263,311.2129201454544,0,0
5429.592025002098,1,0.6907400809943066,398.8802127257197,1,0
1644.6213427250555,2,0.8587075410180933,173.17168027751342,1,0
6920.572979884193,1,0.11099506775276576,196.61997239941732,1,0
4285.203630405297,2,0.45229114494303846,409.0145760658568,0,1
5479.107181575841,2,0.6182167907312037,115.19339162491234,1,1
12601.2909587066,2,0.6614206163900425,63.984331271462736,1,1
14064.525446148687,1,0.24087020661536176,253.0534680788878,1,0
3193.1295440751915,0,0.8777466201908742,324.8641339189524,0,0
5901.379507525256,3,0.5922122943767784,301.8289403980072,1,1
13965.143150673213,5,0.23147248098261422,358.3671574107195,1,1
1396.2226799937282,0,0.11641800937001223,33.09183517564682,1,0
1839.2276576149884,0,0.7266113590318207,216.95979831539458,0,0
2860.4693434903256,1,0.16376379155636728,123.09240935311809,1,0
9130.586094839684,2,0.21284073685618923,380.76502347528196,1,0
2681.8479295869633,1,0.5598640214845525,437.00158960987307,0,0
14537.107531035635,2,0.5828044027596958,144.26119169917536,1,1
6977.360645248545,4,0.6495096948739187,52.132949139357095,0,0
7772.010425077413,1,0.4148112101308966,130.44684118574145,1,0
4076.549929178394,1,0.7191189351734584,56.48420208416525,1,0
7328.923660303636,2,0.879486879692711,164.59897222615962,0,1
10097.747673236667,2,0.31687595446390643,271.4082962693037,0,1
11392.06848583362,2,0.6624228932303567,486.9720724271122,1,0
11431.08719929374,1,0.8427749219161255,202.6882759039225,0,1
8879.421134064281,2,0.6490294100936341,113.91976230803746,1,1
13613.21673741093,0,0.6448875989154076,87.56686148356336,0,0
12352.413785938586,0,0.27901805526816525,90.65468423864462,1,0
11477.19766313007,3,0.5281041602557544,100.3358532144223,0,0
1306.2800643666792,5,0.5500182748836642,382.3221761560363,0,1
599.7304521849151,2,0.6601036499647622,35.20871715904786,0,0
3580.485519334358,0,0.8974571599169461,498.7143399368019,1,0
10121.092111745058,3,0.1269150580350097,263.7297636272993,1,1
6462.363588796914,0,0.15218612901398948,274.41458767890873,0,0
6334.89075984002,0,0.162360055544735,181.9941199563044,1,0
13326.509879329398,0,0.6943833075911654,346.67640290899965,1,0
13485.661297911662,1,0.209083036088606,238.37088873599487,0,0
13683.041328776993,3,0.5979614995922762,167.88533605745215,1,0
5051.2321094678955,2,0.3597351023147668,136.24350983548123,1,1
10520.309284719295,0,0.46585596496856885,463.19734743196346,0,0
4438.68112847836,0,0.27253052785393117,149.039809950948,0,0
3263.842579579522,0,0.7928852490436337,221.01466341777177,1,1
3177.1706315368538,0,0.5689202593304211,178.41899404765178,1,0
5460.560502522114,1,0.8556506108658021,47.658519576877794,0,0
6734.385486807415,4,0.5596769997634636,97.03752526872222,1,1
12548.762980298492,1,0.19912642447755735,98.8034777865591,1,0
2238.4208553543253,4,0.23669634707078036,348.3565096228791,0,1
11156.424787225966,0,0.8912591810942778,206.25977793307553,0,0
8206.096255744927,0,0.6804521578646943,392.073943719976,0,0
4675.207468801891,3,0.13942300002327174,355.9307075454077,1,1
7645.883975725957,5,0.6630248040277318,100.06463436603865,1,1
4849.160011766829,1,0.42973843744768936,283.6438754594498,1,1
9143.188350955437,0,0.3457667094585524,372.7398787941574,1,0
6790.736881401041,2,0.22324863498442743,318.35624712048286,0,0
2883.8801716437415,2,0.7719231636452525,302.00817150355056,1,0
2190.4545810576024,1,0.15107310319128056,371.1073892633801,0,1
8427.087390045886,2,0.33186836990371227,33.10646593187191,0,0
13584.9889826485,1,0.34510631506056355,367.0538639439093,1,1
5487.38645508644,1,0.2287242271708003,139.96435526094703,0,0
11128.501554728036,0,0.5065479066294962,288.07676598213027,1,0
10050.58964662662,0,0.10936210144871411,124.94097237477119,1,0
14007.546257487475,2,0.34078041232832734,420.2146982423846,1,1
12404.224750837542,4,0.8469035552264512,242.87688037887423,0,1
8715.776254129214,1,0.34842365547360454,323.25589995236686,0,0
10026.942224394556,2,0.38836750968540135,398.0706115209804,0,0
13526.603765468506,1,0.47853203858725724,448.1810512603253,1,1
6293.022376510555,0,0.5493546998811798,367.3707380493238,1,1
5238.523234937772,0,0.7469669158565952,78.64044521425083,1,0
656.760712710347,3,0.2522569785248141,427.9935229449643,1,1
12484.990575776232,2,0.7973971017540458,311.1960683534255,1,1
12114.22015584879,1,0.7060394857151115,306.6776303982354,1,1
2014.590512452195,0,0.6781202677292442,461.06357710343616,0,0
8864.432026424154,2,0.1694436589717082,128.17162005461213,1,0
7227.734623419868,0,0.11731255197966775,123.59587115454649,1,0
2221.281884882116,0,0.5752101607264672,259.0308095740061,0,0
14718.239292380491,1,0.790507170018529,376.67721793475823,1,0
3613.090368218654,2,0.5675531713125087,226.38415057311204,1,1
1474.8956113131367,2,0.27058789235642466,318.7762379967391,1,1
9125.287002777688,0,0.1724159183593706,228.99973849024582,1,0
11213.566818428973,1,0.6596771622541879,307.1416543410495,0,0
970.429967684211,0,0.6774162218542477,412.019839793787,1,0
10051.40576154182,0,0.23802536054968693,94.33596456500705,0,0
8218.23220129609,4,0.12255225239722903,349.2123743329621,1,1
1997.342628688202,1,0.42662681057855767,394.77574097240074,1,0
3001.59621572225,0,0.5661749617064177,226.32014670348232,0,0
8735.627311083168,0,0.6648019276537529,165.00062064858787,1,0
4797.185395942682,0,0.7479560073223223,11.70444034257903,0,0
14105.578065444082,0,0.5884299418453859,399.5669860553763,0,0
12371.733327518736,1,0.18870448687878805,167.3296362228141,0,0
14761.724494448114,3,0.6460653377139318,181.86818735698483,1,1
4265.227164781003,1,0.8873413143159057,171.32305073391205,0,0
14560.992675570667,0,0.8244676676779231,251.87596875210738,0,0
6752.891111977589,0,0.7973351274156102,352.7372887434432,0,0
5539.022532049442,2,0.3417361226866727,387.0722498452529,0,0
1230.0681410556222,0,0.7006305411632006,199.32250659956338,1,0
1265.096238964238,1,0.7808827567721165,333.2355073473587,1,0
10534.163211226492,1,0.6426609637050105,361.73870388430106,0,0
7139.970419293405,1,0.30044940525438446,151.97407918030387,1,0
3784.563577523533,1,0.8630671774999666,52.82762742086117,0,0
9402.569441715874,2,0.46065552916694075,447.85953171900894,0,0
4166.442714626612,6,0.20384444693270354,340.1724060318885,0,1
8875.660437994127,6,0.1878223160459136,325.8146523937643,1,1
5708.52683124901,5,0.6180151898392366,34.1567450299291,1,1
12441.507285871376,1,0.4501677171333913,409.8471634644436,1,0
12400.0943311183,2,0.17558710014317092,285.1968072625963,1,0
7421.580772774819,0,0.6922916577248757,424.70278657219524,0,0
5586.877085357726,4,0.7394601338068958,487.4077859496969,1,1
5757.117050106871,1,0.6803325046291611,478.76465883571984,0,0
12182.860622189159,1,0.2618087021472103,428.76422646315274,0,0
5258.602500565374,2,0.6518203647968555,10.418950046527605,0,1
3531.360918749267,1,0.10857824231550808,443.4349680772935,0,0
1727.980957191949,1,0.3440897117427274,42.15584534468452,0,0
7267.050252823922,0,0.41905722512603505,426.3410152374998,1,0
7490.915434337708,1,0.7681975591084013,143.6861639627537,0,1
12693.176300842153,2,0.4123154984555234,306.98382757401697,1,0
3707.9610984679275,0,0.10901555695151864,23.84377441919044,0,0
6024.373468191799,2,0.3818771294624076,386.73493957852287,1,0
12221.88321395852,3,0.4991392786874298,60.29453050532089,0,0
12442.542355860116,3,0.8592038293382188,208.29064497950708,1,0
6076.8606016921385,1,0.8528274430316358,409.6357711510242,1,1
7157.298337656873,3,0.24469923057712928,349.1977532716259,0,1
4897.645417314602,2,0.24811723339156125,7.99113494474312,0,0
14022.045737080025,0,0.23070516517164041,204.50100559856168,0,0
2220.3346032529143,1,0.7311375459312827,25.754120897431473,0,0
14039.366633521315,2,0.1048176322947251,338.38243110514225,0,0
10416.063551612477,3,0.20174175855350188,484.6295034178941,1,1
8207.796213957601,2,0.5303677053152792,329.3543248388758,1,1
973.5563813751902,1,0.2980496535094124,116.06435340319011,1,0
7396.144781419121,0,0.17388516659140968,180.84035087293736,0,0
6412.347522539618,2,0.3879024098670675,488.44202505094154,1,0
2837.6727736392772,4,0.31936608404819583,115.90594395601327,0,0
10017.939250759526,0,0.5088834452114276,282.9568911619491,0,0
14581.688156840144,2,0.8833868750641567,203.22463529746364,0,1
8651.737760435615,1,0.19944370945193476,385.3160724744697,0,0
10863.922508437214,0,0.39818136386727543,434.35768963004415,1,0
1492.5315622072435,4,0.8455880142979798,173.7144508033969,1,1
6556.1714393464235,0,0.8014984347950581,331.8962000311944,1,1
2187.1980348851903,2,0.4154168278274245,276.778610271275,1,0
9385.5396152794,2,0.6591626116157892,142.8300225774395,1,1
14107.99129410524,2,0.17028561086507646,139.61069739243584,1,0
10095.777120838758,2,0.6700328444348921,271.6226655284905,1,1
1613.6442005591123,3,0.8782861835877932,81.2314223984884,0,1
5642.659972283701,0,0.5299905222673533,406.3508987588234,0,0
8484.619001892348,1,0.4987921816275315,39.157395404198994,1,1
6346.5124639321575,1,0.24985489576152828,51.81437067311658,0,0
12587.838151889999,1,0.6070305591258335,174.40202291899746,1,0
12312.729568294844,1,0.5723498246231319,63.45542030758101,0,0
9371.54979149671,2,0.6215464475806004,240.4715105214688,1,1
5915.140204424226,0,0.12086662934777746,202.83956576872583,1,0
4202.377419567039,0,0.5389787906792589,362.29584896342993,0,0
2035.177614090375,2,0.5759478747978984,476.7370568288116,1,0
5646.016410555034,1,0.26602410833024176,378.01149944586734,1,0
6491.001499511933,3,0.26666628599082887,93.82708812589915,1,0
10299.432414009067,1,0.32097453480875987,468.0830363048795,0,0
10043.317452314815,2,0.6693772733817901,199.10604911376828,1,1
1516.568024798226,4,0.5850128508258974,239.72373365882189,0,0
6231.260073751788,1,0.7766101168942438,213.6802374984646,1,0
3135.793574651748,0,0.3365268574744785,143.8707765274209,1,0
2773.7842270936826,2,0.8296544479106547,448.0469224597545,1,0
12495.881171190065,4,0.6949649295866867,169.45823861882496,0,1
1107.7706423857342,1,0.4160093360109576,291.40525249137545,1,0
6578.151700580759,1,0.17620965250036474,123.81662426529346,1,0
2938.9530086145137,2,0.30558692998998604,399.7008105112393,0,0
13250.288127337873,1,0.8654145737718802,388.2283364669473,1,0
8577.08744248801,2,0.34829070070726353,151.67450853128676,1,0
3855.0192274642964,1,0.36392076811925156,342.36926620600957,1,0
7785.195663912458,2,0.25167114487817366,353.4173988820001,1,1
11106.55221569518,1,0.7454804809110124,283.44315097185927,0,0
14392.71112933179,1,0.32051538419382186,302.2961992244767,0,0
3696.4670615585746,1,0.36420659869508454,289.35504595394394,0,0
13349.635695875504,2,0.4314784867453013,45.52287997744858,0,1
14047.409655428608,1,0.4469826238196878,336.78134563332355,0,0
13788.09789571496,2,0.4290726323320174,237.53862987015216,0,0
9713.508174497692,1,0.502994956299783,222.0363538679997,0,0
9632.399489303261,2,0.7516103036931226,430.69961329699134,1,1
6346.55418116543,1,0.7554280325936177,16.497223163253267,1,0
11409.769293404925,2,0.7386505070106776,129.4008843895838,1,1
8203.763266088514,0,0.18089987129319002,65.09473242215944,0,0
10322.85203281027,4,0.7397430426198514,22.49381708181425,1,1
6712.639605807534,3,0.19620141878926145,141.46011384959405,0,1
11106.698728625517,2,0.1997790160418064,494.2957550333654,1,0
12454.837005265961,0,0.8582902173079686,138.76344073774902,1,0
2623.3257207408337,0,0.7555182757644331,333.53438079890685,1,1
12577.480875826306,1,0.5419283734944069,63.557950570157125,1,0
8334.299710959454,1,0.7999761635822897,302.91457687337885,1,1
12747.655681808252,3,0.8914917140414903,492.31833415346506,1,0
6753.874741944712,1,0.588513653305422,149.45957411293034,0,1
5996.087038054008,4,0.5903187495852145,424.7974301059135,1,0
13768.380621499726,5,0.7035416233279425,498.79783328143503,1,1
4141.9543794518195,1,0.2857111618922662,296.33427391676827,1,0
12741.078716649075,1,0.23369988921503948,158.15354471187752,1,1
7518.2983013863595,3,0.707664600012058,338.3979736500823,0,0
7954.383916993266,3,0.3759238359952819,423.1998621029663,0,0
4972.790081597518,3,0.2080562850447472,89.81837026617927,0,0
8809.111908975727,2,0.3519021807341999,228.9953031015194,0,0
5215.562346005064,2,0.3869094942996604,162.99791651130127,1,1
1069.4065065039586,2,0.8721821276045526,145.26270349637804,0,0
4443.979777493163,1,0.6583677688703385,431.1065240663855,1,1
592.4961293955648,1,0.5246850539197871,213.71873337681006,1,1
14686.144412324422,2,0.8750985109460839,172.84278919293683,0,0
14503.33454238634,2,0.8225117923793446,303.7377180058768,0,0
6229.751813348423,1,0.5096006852913278,113.60378192050374,1,0
11061.377387924867,3,0.8245437083015846,118.79727783119908,0,1
5514.188426951162,3,0.4234437264501253,262.5429217813948,1,1
10230.850777746653,4,0.28433653228529976,207.59000067986113,1,1
12178.735624166697,1,0.28614254145766815,151.0162800415506,1,1
14227.965548037491,3,0.6298524195537014,31.70581047568059,0,1
6303.077999820244,1,0.5008562565658217,262.7832481260682,1,1
11857.820752862692,3,0.6271606776043573,409.22155677253215,0,1
4355.962534165723,1,0.6488607714097359,426.43171661659864,0,0
14859.818405007902,1,0.1178582983181741,121.5427899644097,1,0
873.6591820830915,2,0.1432316738783219,301.8223959540067,1,0
9251.167694266254,2,0.5261421812729999,428.6612481841555,0,1
10062.836733944243,1,0.25282838220806153,207.31933449675105,1,1
10476.660577574869,0,0.6060270150435517,466.40772456722664,0,0
2245.6198924417904,0,0.5417485913365184,451.97437191912866,0,0
14108.681860360392,3,0.568608286696713,108.02627922231065,1,1
3127.157546226201,0,0.3419643038648086,133.18759228560086,0,0
9529.924346977696,1,0.6118748050223173,94.3187893297546,0,0
3728.803147284732,1,0.7635941091880184,102.04690397007764,0,0
4954.638046808428,3,0.8984570028737897,454.3917331508815,0,1
8423.648855057803,1,0.7707555089377714,465.91326505034834,0,0
6549.304569186359,2,0.5459990077439579,30.689134386639818,1,1
2823.271214159341,1,0.25474367334396525,298.8336610577414,1,0
2978.5778351023,1,0.6451567008958567,284.29462361449794,1,1
6563.099428360595,2,0.8501230284463825,198.32108512860762,1,1
11480.603184994761,3,0.26949323178584195,317.690308447438,1,0
13520.487379292934,2,0.3047964964212617,473.9470736278708,1,1
1719.8511027610512,0,0.21920683472932093,89.27616694746236,1,0
6200.006659611316,1,0.6893773149011213,64.60340030964554,0,0
1953.560673981711,1,0.4252492027389274,21.52833256034296,0,0
740.5909691726692,1,0.15015651110910727,185.097487380871,1,0
10094.92089833737,2,0.7999599931922242,172.12609615354367,0,0
9235.516908515523,1,0.5461375237620534,218.25574563852874,1,1
2863.77715031585,0,0.3648754336002846,254.13846528606973,1,0
3890.2860798494294,1,0.37518638084887757,380.12287704507503,0,0
843.7624278455165,4,0.3322009761527254,199.0961282764716,1,1
12606.734482568854,2,0.4643841379141135,168.6534891338106,0,0
14633.013642703996,0,0.36963335079051596,414.3050160285153,1,0
2464.1632835230166,2,0.5383570432564876,425.64935197355993,1,0
3856.3905995968225,0,0.7188138018170354,120.21915232520982,1,0
13091.938097230544,4,0.6395690267554988,160.76255224209763,0,1
13933.72507036468,2,0.3355655142032937,413.4326036004937,0,1
6584.59705069875,1,0.5229928092318235,44.30708092739359,1,0
1234.0258479015747,1,0.7721009279298007,166.29415629341526,1,0
1071.1815885458814,2,0.15456498779418038,226.9333029852263,0,0
8822.273058000652,2,0.1626378135895238,97.60044952428265,0,0
6196.979078951096,3,0.5449360544398028,94.0575273222956,0,0
915.4601998759905,0,0.6112921027118425,215.3067187166967,1,0
8957.159688532072,2,0.2691304126207233,378.48825374375355,1,0
663.8867805408258,2,0.6961761013532144,420.9153248760756,0,0
11916.893393164459,2,0.617010701632582,489.7213708054058,0,0
4943.275929198888,0,0.8386314145890291,41.62210479540093,1,1
1083.7410436338655,3,0.23516336148682937,112.25768956726638,1,1
9031.107204255723,2,0.7010994122864086,379.5317719801779,1,0
6266.424009279293,0,0.16691447246661362,272.5963594975526,1,0
14620.105993678668,5,0.552233927614318,167.20148811139703,0,1
8390.880606303683,3,0.5415161115993167,106.76688231738555,0,1
4490.96812503662,0,0.41070803571739256,143.83638806301178,1,0
10786.863537192634,2,0.7756569181348538,217.4980303989712,1,0
4436.6340368693145,2,0.1034965158288098,92.6898536554862,1,1
13611.527725409695,2,0.5161435215188166,482.29184815899157,1,0
5933.468572356958,4,0.27372283986814994,58.25628007693782,1,0
8473.094160254976,0,0.6947988952931463,492.8608300721634,1,0
1233.3100054513184,0,0.13445394104487773,421.7371765703329,0,0
6678.757950307347,1,0.7652437505452622,214.46005066930084,1,1
12569.271325084426,3,0.7704737813655612,371.209085522164,1,1
12181.907677768459,2,0.7662928099228024,337.4000456297111,1,1
3752.6191033761306,2,0.2220548213861359,110.57702438472083,1,1
3778.1465296531587,1,0.604325214848836,172.83969262887848,1,0
12350.927027091933,1,0.11149388734671169,258.9956685887016,0,0
13990.77709245522,0,0.7783700730313599,320.73286904442483,0,0
1882.7333584585515,1,0.6783801548068964,273.7330157715276,1,0
7025.850271680266,1,0.5249229847194021,239.12879319820453,1,0
5393.08704498132,2,0.6844731464772937,224.36037536017557,0,0
13124.98260413287,2,0.17545927732141778,251.64092715103388,1,0
1711.111262860272,3,0.5229246657414851,220.00400232375532,1,1
3561.326167091542,2,0.3330211934531564,272.9583883851294,1,0
11410.790895004167,1,0.8780955705783784,444.55272302810005,1,1
1243.7608102276258,1,0.7856943604991214,318.25050996203277,0,1
7641.763020357194,3,0.6866205566671815,362.69733311932737,1,1
6910.55200285594,3,0.8469981081997856,300.75415119673437,1,0
5348.817095336855,2,0.37747464365237904,323.2937527949311,0,0
6221.298572124395,2,0.820703919190545,291.2831650818492,1,1
8184.1385104883775,3,0.3601905856853683,18.298928486932482,0,0
2839.826696631555,1,0.6862373757529224,499.8011991890098,0,0
8793.940235112095,2,0.6891335294211592,21.63657390538386,0,0
12178.768774849801,2,0.11467990116327478,200.5982640756586,1,1
11522.333481957307,1,0.38884775862255616,57.03226075797205,1,0
2731.5486180597186,1,0.11554613792679831,52.97958296826157,1,0
2664.1173112513716,3,0.8976736140881989,397.7958410788694,1,0
4388.528332301243,2,0.1977574094633904,215.8332607822481,0,1
5735.58353194504,1,0.5342487165184875,401.5636606078886,0,1
6422.6059304229975,2,0.7324449910101098,140.0293029870116,0,0
10355.609644083506,2,0.261010881808714,131.94908194408623,1,0
1321.8662664046133,4,0.4880421344763781,129.35953399815875,1,1
1002.7542112779627,1,0.5859430087369207,309.99208507192003,1,0
6182.703162686681,0,0.2281638035164363,408.42469797357205,1,0
10608.873536000716,1,0.7228443679292308,228.8691999872441,0,0
3304.8124728689972,0,0.3394691657514922,192.72820086733577,1,1
9801.814978215649,1,0.26881846107107227,486.9218793298164,0,0
4267.508000134342,0,0.5466309971499336,62.793247825761206,1,0
13348.248577795986,0,0.42825090211435035,245.8831776122218,0,0
13487.504191865939,0,0.8362287557091342,207.20143782481003,0,0
4810.664462079234,3,0.8040501585585232,53.572665310510736,1,1
3834.9094324669873,0,0.4866805307111066,137.7591792336685,0,0
6463.907594960353,0,0.3874110197804781,19.078400226660456,0,0
3987.7079851121566,1,0.36041438530501224,439.09237304656375,1,0
10249.565727729703,2,0.31405089846520595,305.88551685024856,0,0
12477.93792595014,0,0.5356382829699818,408.4341564457741,0,0
10259.835898212646,2,0.7439828837876349,263.16945393948,0,0
12453.081485115566,4,0.34860528656284623,301.7573655638377,1,1
6256.386352008375,1,0.2520752717504652,351.9229665155366,0,0
2766.5960752784827,2,0.4803870449466294,454.4657555947864,0,0
11200.288737265086,1,0.15522753343813323,50.41718447379365,1,0
5726.880324552531,2,0.6610232049037654,168.8194553941848,1,1
10233.426965822422,0,0.514686613041547,355.96796439650024,1,0
4424.337158735602,4,0.4970998463782833,479.38352868568944,0,0
1677.8297046967537,1,0.340356303640018,490.4996771025527,0,0
14892.436034572569,0,0.8237387500253893,320.86098952294486,1,0
2764.9218649936897,1,0.17238903347964218,100.8312464886593,1,0
14832.104412470475,1,0.7958592071096251,64.00841114990858,1,0
14670.559022213485,1,0.40136416193273816,473.2916039188106,0,0
12010.362506666575,1,0.8044988127800179,219.7942062839412,0,0
10061.632950188965,0,0.6830091666659068,101.43393646502898,1,0
8878.202228640728,2,0.18333658132963065,467.2767953099126,1,0
13058.472407978603,4,0.7652290292074829,56.73951442433438,0,1
4696.873063482575,3,0.6457414669596041,366.1376929442522,0,1
7281.377581030717,2,0.12584153033227877,314.50519863395044,1,1
9481.154555814277,1,0.20696214568773597,48.42865886854146,0,0
6462.261900107621,3,0.6085024446685561,172.68065384152388,1,0
6698.553584308886,0,0.6300804023042279,79.21569132230528,1,0
5289.1276787802235,0,0.697321146270076,304.22680330391483,0,0
8681.361341925773,2,0.6761963206199855,241.17095068032725,0,1
12833.330656219183,2,0.627615963735964,7.116186706943024,0,0
3422.161481091536,2,0.712991121397138,487.9767303105345,1,1
14049.2790619249,3,0.5600685647138983,178.0444016953225,1,1
10491.77097934933,4,0.30863310841956393,132.81117445433975,1,1
12437.461583860437,2,0.8299012909845745,115.10926311808082,1,0
8564.765043135169,0,0.11457122474558235,83.61386860591608,1,0
11802.99217064892,0,0.3932493758971922,499.57285272717235,1,0
734.9057614222745,1,0.6830962344777307,151.0791866013944,1,0
12366.51615930326,2,0.4417248329197395,205.72918112601943,0,0
1082.0134567378145,0,0.11986752598401146,436.32117850815405,1,0
13403.743957261506,0,0.15278472249297056,322.7343142537247,1,0
14883.459834960327,0,0.6189098953106309,187.5037338139099,1,0
4763.978201563278,1,0.8718916795242397,449.67257578230726,1,0
3549.6190661440082,1,0.5414909086675992,376.1134800957321,0,0
11597.768775941591,0,0.5054062544190153,117.81075123314133,0,0
4168.881943343671,0,0.35466017044501386,323.6508023269606,1,1
13050.65455599695,4,0.30535253909285054,461.5872566547387,0,0
1991.2175862834122,1,0.11678798540502777,250.7481348329542,1,0
2326.3503475006946,1,0.318363894112377,368.13813940167523,1,0
14697.697548958926,1,0.4592883526922019,485.6963532746338,1,0
10270.664024915068,1,0.2583598264391601,346.7549997431304,1,0
12779.864754219816,2,0.16987839078514338,55.707151434209905,1,0
5202.775971597011,1,0.6741822938036821,126.05697771098822,1,0
10309.014368048764,2,0.8156962152544537,299.57273648461126,1,1
9116.50649597466,3,0.8494176557496685,141.4001286090935,0,1
9245.676741782732,2,0.5943989827975915,478.98314416762423,1,0
10396.720663296963,1,0.14221966607942546,205.64925684097602,0,0
8842.708010371929,0,0.6926901039694188,231.3290508375207,1,1
6721.404354888657,3,0.1880762442095091,352.29303626770803,0,0
4500.879068517929,1,0.6357984941502591,264.5036170142277,0,0
11644.42929824143,3,0.7234926685983006,194.16225360994034,1,1
3780.9502350462,3,0.6806917686611782,42.93574820151649,1,1
10539.137439239006,1,0.8615070446089045,300.2405668063926,0,0
3883.3259284152364,1,0.6905170275739118,434.45211524304716,0,0
9567.28746433958,0,0.6545678223854468,344.45240867122783,1,0
11332.63487337092,0,0.30939453774648196,193.84002997324134,1,0
3671.3513891448183,1,0.8398149491487213,68.22440198844906,0,0
1369.17786248897,1,0.24363509663533353,409.0874025176007,1,0
2399.1192734155243,1,0.8239172891785012,471.16543930444635,0,0
9286.956025429869,2,0.3501300346767283,197.19513044415106,0,0
12816.972890273166,1,0.204130875102135,365.67788364611044,1,0
1152.4539079136534,2,0.7613464218169366,208.32790274592406,0,0
11145.19325610387,1,0.10199636288066333,253.6221347318387,0,0
5449.120366275756,2,0.7656706541446646,419.05580840512283,1,0
7438.661363833076,1,0.3098494736367807,46.29504939452102,1,0
13968.4634727607,1,0.8077770182044971,267.51599764941903,0,0
5313.586818669759,1,0.6531833457932633,111.23703596225512,1,0
7247.385542122548,1,0.632946666280472,173.20394302040236,1,0
698.395014029876,1,0.3922556505318747,323.99226819792574,0,0
1683.1814400701562,1,0.14752237911261679,18.47806410673994,1,0
4249.578071454369,2,0.7640584785644619,298.9434239917155,1,1
903.8574919055789,2,0.2367230361412224,145.3039085296061,1,1
9654.94222769964,1,0.3978069135158018,336.3947585999957,1,0
6682.776173623527,0,0.5802837484072655,75.08276919696183,1,0
8448.105439556319,3,0.48580299084849743,369.2267438890084,0,1
3032.3841954967784,2,0.2589285081370545,324.5916612826742,1,1
4791.014426830934,3,0.21249308550582713,485.76470727577384,0,1
10125.454885364514,0,0.1985970178002325,456.06150481278326,1,0
14496.889492640797,3,0.7904063051993607,145.23491728385264,1,0
1231.0432172320334,2,0.1252476392490669,18.521703499091302,1,0
13410.572652401359,2,0.8816114076799154,329.4074377503201,1,1
8864.777419012522,1,0.2588229523083313,303.4292575573129,1,0
8676.833717956544,2,0.18825783750326253,18.5772405393908,0,0
7754.038760512525,3,0.5615773238214361,65.72537695528337,1,1
1506.2142456106592,1,0.16398876635255732,294.42734374531284,1,0
1803.2143501743296,0,0.581962610530876,456.3544957015285,1,0
9213.224082056748,1,0.7805013158508906,453.7176368741364,1,1
5443.899285815595,4,0.1383184171739399,79.98510203297705,0,0
13800.38696537637,5,0.7398948836228353,195.36410347059854,0,1
6395.5627917123475,3,0.415581952785695,26.38541785432614,0,1
2577.5811511882957,2,0.227592507064968,237.2895639496499,1,0
10863.423085779523,1,0.24087718421396725,377.7763125382368,0,0
4753.6246108946425,1,0.835011634955381,396.03649212597765,1,0
8119.319456660451,2,0.18848460155253158,251.9997859653036,1,1
10618.575389824966,1,0.7934262296925256,52.455488980568106,0,0
13553.829612430021,0,0.5353956967868917,193.77516771487535,1,0
11986.772324624304,0,0.13124494305315126,466.39047018731037,1,0
10307.2354841545,2,0.4715809165738707,118.65821547725876,0,0
10354.681144729582,0,0.7539596115810405,163.2784527067996,1,0
14215.907338465255,2,0.6809622301112803,374.6794518542201,1,0
4789.449413699773,2,0.4910259341477743,368.1224904985394,0,1
516.1253658447174,1,0.7880399037569736,456.5401325723415,1,0
4443.341111273881,0,0.19629180942418378,197.11875190658583,1,0
3659.425004587788,0,0.8279528427138951,259.72636831777413,0,0
10096.601484152974,2,0.7771529667866791,236.3592683041364,1,0
9688.81819660017,2,0.6666214605257889,464.2373246561143,0,0
9105.190049218496,0,0.7543101937029995,385.81864146819424,1,0
735.5299265370786,2,0.5350524054741328,416.5636810177549,1,0
11067.281789534389,1,0.6401299432781336,70.88364307055839,0,0
5191.190981039627,1,0.5484784565662232,396.9641129697392,1,0
10143.31184059615,2,0.3843428244063595,219.324489198461,0,0
8570.387213281223,2,0.555088637888942,16.55264800117032,0,0
5469.598418704654,1,0.3059722660255406,34.74373460792589,1,0
2451.3558730095624,1,0.45222333667262826,340.56443016874806,0,0
1869.0740160769737,2,0.32462032580819455,189.14615836725508,1,0
12557.015830127242,0,0.1983102315691112,434.7172087456228,1,0
13816.764360182591,3,0.3574894851119249,368.46520126855387,0,0
9921.926678082344,3,0.7815897745478165,15.731605775146072,0,0
1999.794665477009,1,0.40486461651384464,345.009714358821,1,0
6329.39464487949,4,0.6984029191750952,100.21447400251633,0,1
11069.61840152478,0,0.24015828339052903,214.17837150843647,0,0
11807.402818145987,0,0.43953532733411327,314.24392505086655,0,0
2214.1700232207845,3,0.19188485546814127,436.99533144136797,1,1
500.445423258045,3,0.21089685069399178,230.76845475400992,1,1
10825.987165268773,1,0.5939491039120554,405.20277482461154,0,0
5670.644551799982,2,0.5859854539592089,392.56800308631324,0,0
4189.979308464774,4,0.2706975258838898,210.19656386137285,1,1
687.0133119481188,0,0.47953855543103896,252.98518089928692,1,0
8334.341398041746,1,0.7906449335823583,351.7400799746575,0,0
12841.685663676735,1,0.23936120694118632,20.418475150235164,1,0
14385.658870952524,0,0.11536842645881187,445.95164983062676,1,0
8703.301783892693,1,0.6215961125308579,386.05899892165826,1,0
7959.689252228465,4,0.14279856647094802,128.46086129415355,0,1
1733.317589593996,4,0.8839521908579567,490.6840768285429,1,1
8458.655622367696,2,0.5876962270391048,93.7982245318613,1,1
6009.696644998222,0,0.4763170822751779,457.47290348367886,1,0
9303.461572811866,1,0.44399403201944543,165.61436186994,1,0
6136.532044209927,0,0.5584565268135452,382.75762153124725,1,1
3984.337290030318,0,0.17249954937617196,230.90641365773283,1,0
1876.9964908114594,1,0.8440152470555966,369.5513567877511,1,1
5066.317446538988,2,0.6005136548415022,82.11260872998629,1,0
1901.3500971724081,2,0.24718279808872703,138.40569690130897,1,1
3065.005786947767,5,0.5500648430117303,54.42962311365268,1,1
14816.374299403416,5,0.2066052046664093,433.2462708117126,1,1
6939.5015751459705,3,0.1140421740466497,151.66502894590215,0,0
8212.14061432274,2,0.6044135881711984,348.7657335612484,1,1
13167.468666689623,3,0.6187866734961023,411.0094928820564,1,1
14935.749057114974,1,0.5669572662427325,451.2020270077762,1,0
8949.359515497883,1,0.24678656348801847,57.61707207930032,1,0
12280.87040514049,3,0.5827438867958137,447.0423920887432,1,1
5240.644852881791,2,0.14520875273961587,102.64012497670615,1,0
4933.287382985721,0,0.5873906844575378,369.766495737526,1,0
6339.203954421123,0,0.543213615286095,365.78026458548254,1,0
10251.355308767912,1,0.6242038646712796,9.209055161772346,1,0
10391.779494198932,1,0.816380484601915,114.20883461357585,1,0
5070.971802417037,3,0.7802864841916293,248.4947147591093,0,0
2431.543899981116,1,0.8845233532500311,212.91717979832467,0,0
9669.745718749875,2,0.88099282634926,459.69387254288176,1,1
2360.725001737085,2,0.7178557546990021,183.07173040374897,1,0
8888.141369325285,3,0.8651356977421825,468.80693884380133,0,1
10554.62085681648,1,0.7938271087112896,232.41751260430289,0,0
10658.866697719548,1,0.6820659599159783,482.35468383688203,0,0
11425.345604564152,0,0.16030740371500418,369.9906309623063,1,0
13156.461612702136,2,0.13923991061591023,415.5206228579172,1,1
7749.405383489432,0,0.7700796540046162,56.91405973275549,1,0
11088.613248178783,3,0.49172468629735866,295.1400094549721,0,0
9478.004662804633,1,0.7516853474999368,75.63667811552865,0,0
3206.279127066397,0,0.3503346165241755,152.32239601523216,1,0
872.4998506064185,3,0.41811988665841027,313.6648760527977,0,0
4625.85009231554,3,0.6601493768095456,364.48172382347593,1,1
6923.988741895481,2,0.8322613895456746,24.395972095569164,0,1
9448.036194215516,0,0.17020917958310877,267.81714688082053,0,0
12824.410292296478,0,0.789182515707685,284.83042321349376,1,0
3345.5628922394017,1,0.7344101799034922,44.01985856954958,0,0
2320.471953527918,2,0.35243141658388377,252.84057692937796,0,0
14470.459238377749,1,0.3841732913052477,358.35192862466414,1,0
2066.646110957903,2,0.1371691817775277,31.34750601338783,0,0
7438.120516554243,0,0.11259248889337439,381.3325492803612,1,0
8990.674067502878,4,0.48160490108618326,290.3311199275477,0,1
8349.929103157854,2,0.17643171639784844,417.4474680945365,1,1
1747.4662769776764,3,0.25520145153217044,112.94097356276461,1,1
1326.8902530524808,1,0.7774137596213309,417.47047368549363,1,1
2029.5096981850172,1,0.556822713000362,51.807682757396655,1,0
8991.021416152882,2,0.6069059498128907,204.89569974011232,1,0
8393.000870697655,2,0.24998346466553603,103.744971804701,0,1
3889.2414845327917,3,0.7629294435635356,438.6303119839827,0,1
9747.725056761077,0,0.794383817951798,353.93530906937804,0,0
12390.978779806916,1,0.5186620749704347,17.55407969456045,1,0
1102.8949177756097,2,0.8300462175029278,9.71406102890828,1,1
7722.884181446615,1,0.7758628999636653,149.1683809684265,0,0
10495.000975489009,2,0.6850593413395505,75.92514156887987,1,1
4158.522942510463,2,0.6872607325549029,317.0007163922969,0,0
4962.678126750662,1,0.18431477916069064,333.5794822718671,1,1
9397.749593346065,1,0.31666883015653263,471.2656973123769,1,0
13520.061754934186,1,0.15347777585414085,476.25976265019125,1,0
12243.90409439204,1,0.10694496738104693,331.15386917861605,1,0
8955.388176943961,4,0.2266476251071281,7.809180862090816,0,1
11088.214907480113,2,0.8043897461175521,182.7039687019591,1,1
5789.925818013081,3,0.2918992472288412,259.0050490573968,0,0
9794.000157431987,0,0.8761231700733774,252.09397947169063,1,1
7259.633071349576,1,0.577832799648965,303.6536116036022,0,0
3254.073978634633,1,0.28980679010775234,480.4729839883564,0,0
10675.20497122023,1,0.49770464278737025,443.17038251780116,1,0
8568.73724155792,2,0.2752758581600923,58.909476557991695,0,0
5700.012938327075,1,0.8871788465458991,136.66029373972967,0,0
13714.418256140145,1,0.7778119871239711,417.38916162271994,1,0
803.5447084876323,1,0.12099103102586328,413.03191986550746,1,0
5078.710693117692,2,0.8582208251739769,141.30850844022711,1,0
1324.780267775875,0,0.6768520858423098,366.6410751896292,1,0
11614.646085213593,2,0.16590500161702265,337.6585024653394,1,0
10680.558084649992,2,0.6365101970611564,239.39436266013095,0,0
5304.607171676597,2,0.6175413583725484,104.72020157611954,1,1
10297.112082002559,4,0.2750309966460668,444.87837454257266,1,1
6241.0897798412725,1,0.7067573600060605,340.53633623188324,1,0
11465.679975625297,2,0.16965176265037368,88.65149781479548,1,0
7085.663109682238,1,0.4915561449849982,353.8771606962261,0,0
6478.05605355915,3,0.10793856573047034,372.00969119060505,0,1
14053.583774580364,1,0.8749899911157971,444.0057411349151,0,0
4137.746948415153,4,0.7012509054215275,115.30543134475779,0,0
2246.4864299501987,0,0.22708166092772483,494.43328217963625,0,0
8975.875142262144,2,0.37333923196102636,80.92974415082601,1,0
14555.166278120594,0,0.22844990224654105,302.3410014704936,0,0
5978.6685990442065,2,0.7132939713034517,330.30237011037184,1,1
1399.533072617332,2,0.14711706034217215,212.38168315660096,1,1
5419.926375988728,0,0.7723253244509714,240.14366584134135,0,0
7836.008987633598,3,0.8537570710685839,446.00049787745803,1,1
2847.883596167099,4,0.6413023542450399,324.41074368440366,1,1
10042.482161819134,1,0.2703723600011474,251.0154743261697,1,0
14967.36614064791,2,0.38807207665084065,68.53303340459472,1,0
7050.222401730935,2,0.481791899847145,8.632124485451644,0,0
5643.564072588083,0,0.583699817761803,66.85946598515756,1,0
6310.210419099766,1,0.6349304718493499,478.31136090087017,1,1
2169.619586730417,1,0.5433717722551062,383.2229575807087,0,0
13307.467220680244,3,0.3810511366574846,483.72258211757264,1,0
6514.972005059603,0,0.8127338244519224,22.67581130554507,1,0
6115.478965660199,3,0.1651136464143666,341.70909991002645,0,0
10065.508957491878,0,0.4730048433947961,26.925295569691908,1,0
6909.484603501291,2,0.7204518707739845,392.1179520900675,0,0
9899.385297713769,2,0.14869813223312073,193.57033550392117,1,0
1390.9712068964188,2,0.664268173449041,52.403853252714946,0,0
12298.988483972298,1,0.75576929820266,286.18308768482007,0,0
14137.307316751338,0,0.6286650388216418,143.6594973176871,1,0
9907.098099311097,4,0.1103495138202848,331.48910122655013,0,0
14341.205968452756,0,0.244109621705765,330.7965059593262,0,0
2695.768558364468,2,0.3736904631135606,353.97869968977267,1,1
7422.534747465129,0,0.2869520285104368,496.27021399499074,0,0
9226.197642208985,0,0.8701217121819419,196.41536642396565,1,0
8935.181387607206,4,0.621275131291035,235.33115987012496,0,1
6321.195796791127,2,0.3375767658812563,403.2827920075437,1,0
5402.22393581079,1,0.8437579989323565,291.29316139583324,0,0
2338.9483269810726,1,0.6924753595809495,23.44231929046082,0,0
6180.265533153034,1,0.3276857694616336,422.32386752862897,0,0
2858.5818190295345,0,0.4031052555215643,30.491847559330278,1,0
11148.302309137167,3,0.2595430866431654,89.55596756343323,0,0
3528.0485646715547,0,0.8768591986126575,55.52958365222266,1,0
1349.1969266257408,0,0.5138371967120586,43.57393077615449,0,0
8509.308998349898,2,0.8168453499983878,17.714013275831547,1,1
9130.831124431323,4,0.37719981681347814,32.23871841632186,0,0
13142.73938856733,1,0.7886732824779806,224.00739864351092,1,0
8866.233380056387,1,0.1431094787417312,130.16187364139387,0,0
5509.472378989963,1,0.8856722540194304,67.63575729231528,0,0
12143.672282131647,0,0.8296274936266421,331.0592436496304,0,0
8334.043951217605,3,0.3905623558213239,116.92539576395797,0,0
1649.5641271522802,0,0.719777732251662,14.37983189568068,1,0
8704.833124542076,1,0.7018063411790608,212.1177929648272,1,0
13666.268908614105,2,0.8210038376823453,158.66433102926104,0,0
6246.533069724198,2,0.34580398490304887,162.70919351651392,1,1
4796.724127547101,1,0.4724160042513196,225.40866394987293,0,0
2580.307126761291,0,0.7919996900848425,336.11239398096745,0,0
2695.9600680626813,3,0.7228635633081728,310.15716441880704,0,1
6775.186522956374,2,0.41477337499222333,468.9444968454934,1,0
9137.357450342179,2,0.7765801863296977,261.26974981974814,0,0
1668.9233749592254,3,0.1375632313859212,238.92210531391072,1,0
14123.744540864904,3,0.7256370423703922,110.640145432364,0,0
11449.43745295534,1,0.2654126875469605,378.9137379798376,0,0
9006.046815113108,3,0.32889672625902977,74.68400922607094,1,0
12512.360728615367,1,0.4945718748764749,248.11078046113963,0,0
1662.7079737756428,3,0.45978760085597914,213.554488201785,0,0
7414.163727130303,1,0.5164560854959047,330.85893481017956,0,1
9636.35033949412,3,0.5358204765376191,459.22262762854615,0,0
12515.467138715194,2,0.36522215282519754,473.5648177916201,1,1
11860.308620714382,3,0.240182010413624,88.06063724576342,0,0
4517.504120844294,0,0.7147849834298449,134.5995230422532,1,0
14142.762458608462,0,0.4199809192697137,406.75948338252977,0,0
2303.01470074762,1,0.5046726899672472,261.54848241235044,1,1
13189.437470006706,1,0.6157573746808944,229.25211133608727,1,0
14578.63361926697,1,0.8277103378453248,356.7595989284494,0,0
3068.7260867280706,2,0.666042264912176,302.95285154045104,1,1
10969.957930954886,1,0.13636738047230762,485.50345693856065,0,0
1084.1400222809777,1,0.7708482907184141,294.0674528826921,1,0
6378.630964517747,3,0.8914840121020153,235.65704404189037,1,1
7986.107838366273,1,0.47798802029710574,273.69459422869693,0,0
8919.355775689693,2,0.8756722691636806,405.22720926500176,1,1
14071.090099604113,3,0.5378629938745195,308.2741531086843,1,1
10247.634965765823,2,0.4676927966975598,325.2888052364253,1,0
7478.530292678936,1,0.36512381178196407,485.86224561811304,1,0
12240.288025855396,0,0.626043900666671,311.10576479060137,1,0
14282.72590383893,4,0.2838563364200357,193.2411979255972,0,0
819.9591558932173,1,0.18394737481152346,347.2063833713343,1,0
14746.558447712561,0,0.12178968206737127,331.43240150376914,0,0
1748.916016423365,2,0.333904090172211,11.854579575659043,0,0
12308.60829939704,1,0.41661666573363065,236.3280019089874,1,0
4564.853911995481,3,0.5416613570249983,372.73728342678766,1,1
2416.6050374311403,1,0.3341998601496051,252.02552157195882,0,0
6877.906775850606,1,0.8872476579083289,390.91246228801776,1,0
9837.370401990396,0,0.33339613459293405,228.1874297316691,1,0
6023.801752840388,1,0.452780310757127,491.74419083043165,0,0
1291.1984200991349,0,0.18262093242552027,149.9813366559249,1,0
9192.186525051391,2,0.3085012106696605,50.6006910323064,1,1
13584.847503604784,1,0.1386657118311929,217.85584157127818,0,0
6056.622806235149,1,0.5476069067498625,273.1459673125899,0,0
3636.825275646992,1,0.7008517465059454,177.80139718281845,0,0
6917.371516025823,2,0.25656785146885436,124.9291742583897,1,1
1201.2593102073226,1,0.39432875025285663,337.66905223581705,0,0
12397.069974963984,1,0.11329298138172846,191.67692442884479,0,0
12481.941758777708,1,0.7716176445777697,317.52742190481524,1,1
9026.006719729612,2,0.7239708199453356,390.64036705639404,1,1
5619.991889606647,0,0.1506032246994339,381.69630074121176,0,0
12096.858784463859,3,0.39189408745632903,190.7781087646672,1,0
8542.961859431325,1,0.8642292910795963,286.1096233303365,1,0
12476.018473975235,1,0.41362164486318165,227.58082109915748,1,0
9656.152492453799,1,0.5209669413792128,436.0486000912818,0,0
11873.879361585561,3,0.3841942888082842,439.9854475009996,1,0
9179.163401657519,3,0.5769051105026095,175.15208352957822,1,1
6505.04548912716,0,0.8825255005094578,50.41003669997171,0,0
14390.214968928994,0,0.8980020027849577,87.95332924538964,1,0
8346.150460743249,2,0.7197719824089529,186.66586235478746,0,0
9273.798018837806,3,0.4234488784163515,284.3037276076804,1,1
3697.070771513864,1,0.49554576066319067,330.1095704273925,1,1
9571.936446695508,0,0.3853850624898444,169.02866791157012,1,0
8788.310917502686,0,0.888459703923477,335.41206421387295,0,1
3180.1567702318616,1,0.666208244660323,469.1812919185092,1,0
1364.012911620584,0,0.4591451563468091,327.74699294863046,0,0
9263.210135864181,0,0.10969221608768187,83.48978857495386,1,0
11573.537905579647,0,0.5163867315124387,291.93611192392564,1,0
8089.31987836912,2,0.8871425613612943,273.2382807996565,0,0
3788.2030671348625,1,0.5184487271784416,435.99655489471826,0,0
10164.568662049007,0,0.24594134839129095,178.4000123304223,1,0
1661.5330358392325,1,0.11767499768381989,214.35807697805657,1,0
6906.588719628342,4,0.38376300649936723,301.33623246581436,1,0
2868.8179967770925,1,0.8345824445572856,264.5905293123026,0,0
3174.6562403683088,1,0.8972432865407048,360.9132132405612,1,0
3433.2622627939527,2,0.8562943798496021,24.99255050168543,0,0
6107.2523271376795,1,0.6835359946034054,283.9404295074451,1,0
1241.6779814957656,3,0.5465141827525243,65.22758703691827,1,1
6268.004893471923,0,0.5725489171058017,161.02845129726205,1,0
7919.757983163162,1,0.5311936072735687,332.5052964585332,0,0
7507.767132011715,0,0.6656394439383907,82.92002929312797,1,0
6050.369455844088,2,0.435098581356282,157.87670857479128,0,0
12667.625817025912,0,0.6353632039646124,352.9882090034794,1,0
2607.2370400973095,1,0.19728969196576085,327.1485950507828,1,0
7832.602784829923,2,0.312556245249187,50.064636258820336,0,0
1399.6005458700374,0,0.7688024310469036,290.74790427870033,0,0
1531.7573437296912,0,0.8229991445947129,77.89095864972653,0,1
8821.054820317897,2,0.5312065900482398,129.87433246367388,1,0
8707.267160873404,0,0.12530849377034592,232.30958292471047,1,0
13231.485936244626,0,0.8415788566334145,59.126677532603615,1,1
8589.16829707106,2,0.6616514064218292,496.85524911969054,0,0
14416.969795870327,3,0.43122233900428864,86.85793272173056,1,1
1206.0753017989816,0,0.5787031545595971,391.74975107215914,1,0
1921.1114293207454,0,0.4438198675530929,415.7702282864964,1,0
1138.9549927705302,3,0.47227138138564084,497.2596650985207,1,1
3186.5143298363305,1,0.8094478925275214,217.18334283687287,0,1
8348.416608654334,1,0.22886739753368923,437.6767874689733,1,0
9860.796630697707,0,0.18293530838578942,478.98202231334125,1,0
1160.9847902556976,1,0.10218299561041261,90.58260172286023,1,0
14216.57790276119,1,0.3512003004897014,242.32086408446864,1,0
12711.397961430524,3,0.21793101318754193,34.70535533376342,0,0
4800.880991277851,4,0.275988396110489,312.2583859519798,1,1
1619.2191882837853,1,0.10899118613230155,292.79604764400034,0,0
2963.3625616763306,3,0.28175633175016257,106.0425109082826,1,1
2340.693999447104,1,0.3661692655458991,399.9618656525924,0,0
2287.6147998347296,1,0.12525399712790508,23.448017767952237,0,0
8019.144485653142,1,0.5863232994377182,404.08252544314075,1,0
4064.787916154304,2,0.5550402791070064,18.189419126114352,0,1
5693.0258896725945,0,0.17762862280794006,330.1302620074934,1,0
14847.827334072676,1,0.5760078220147208,43.99090938787613,1,0
10422.5566094175,2,0.8989231348871022,129.35663205959986,1,1
14260.21967218152,1,0.8555751622492326,362.3471079093587,0,1
2567.0700479801762,3,0.10213679469413064,143.80037581456645,0,0
6041.022385072254,1,0.7363026490642878,258.0310551152787,1,0
8543.611147594136,2,0.38288422098918884,458.04789341245663,0,0
1612.9918973867013,1,0.15092109626770195,29.56900524810628,1,0
560.717932605389,0,0.3367865709729665,406.4844978991584,1,0
10221.297840055304,0,0.35738921305036986,37.30963929140232,1,0
9806.382993620813,1,0.5185953914472455,67.76344794665494,1,1
6456.43774499437,1,0.6288670138150837,64.06295642515937,0,0
7599.839102464473,0,0.6992444897667264,497.08063018930943,1,0
6523.9235085853,1,0.2967224340506134,94.19222806910904,1,0
848.0731502508884,2,0.3574164561987976,448.8971138968528,0,0
5362.888290153205,1,0.3467053654877882,495.5114206585443,0,0
3067.6927032607027,3,0.39018949449670115,194.9734613540875,1,1
1927.1507419698466,3,0.899725047165071,317.36902904669927,1,1
14372.446291395572,0,0.7223546422619407,390.65017061298823,1,0
9190.716013111401,1,0.8799923722149576,199.3593155089231,1,1
11065.516121430739,1,0.6544888476376458,85.09799954641461,1,1
5072.774277358703,0,0.4250165613178275,219.7125581773178,1,0
6200.63337766322,0,0.41179534690157993,387.08438427645757,1,0
3935.3979115024904,1,0.4908649159800361,391.47756756045953,0,0
1906.002228998659,0,0.43349582669154996,119.1167021246021,0,1
3095.958742902965,2,0.7626609968741966,91.60799174591953,1,1
12063.953656799045,1,0.47200161042135436,460.67754753967307,1,1
10324.41417516475,2,0.3364914881686768,26.779520126363728,0,0
8430.468701789414,5,0.7198882149573215,368.695545503718,1,1
7388.803156568137,1,0.7835363275051157,27.978585796143232,0,0
13875.297113013805,1,0.43634316491236114,419.760525176189,0,0
1554.6567427906919,2,0.6342468575244256,453.1803326013705,1,1
4568.711791949781,0,0.1470436271106438,152.222466493404,0,0
5574.098876775353,2,0.5235718815771734,41.5981435407653,1,0
11845.174277085423,1,0.13598491019640646,242.93884549197716,1,1
14891.461992348584,1,0.12335267239557446,152.73920318901102,1,0
3989.7224639787196,1,0.5903398804181913,211.48239069113762,0,0
13177.45634498767,1,0.34266830591598973,334.16779947689673,1,0
12544.030026260974,1,0.6940297299643723,108.8638877946149,1,1
3757.532265805616,1,0.8168660485060738,181.69102690947275,0,0
6290.322412888728,1,0.21151293898428059,392.3684326948735,1,0
6440.256604741528,3,0.6796182708631391,323.6621652266467,1,1
14684.199693635095,1,0.5116159986306746,166.50636811986314,0,0
3122.9325699940255,0,0.1896954001301591,333.82929212866463,1,0
12087.790581019339,3,0.6212740851845797,383.82989683152346,1,1
5345.794355510094,0,0.5875734424851783,298.2803625716298,0,0
11097.620013754326,3,0.5125134939206261,123.55093208799921,1,0
6590.159562287111,2,0.8411769636477264,5.121418803436569,0,1
8886.21656518983,1,0.5168637568832132,402.41030795919926,0,0
12572.870713228902,2,0.89241209236017,412.2036098815014,1,0
12160.40069226632,4,0.5073830510784888,350.3142281902092,1,1
13063.136161325652,1,0.1926816306410941,42.90756102696883,1,0
1364.4512174975557,0,0.4763770008600243,294.6850323164829,0,0
10534.7330190763,4,0.245863010044057,411.4052322794456,1,1
2529.8169624655616,2,0.5777067881739418,197.885818453542,1,0
6529.369236266959,3,0.6545057401548809,103.01036343902578,1,1
8454.532018292983,3,0.474748222965675,295.875512134528,1,1
6339.722528829046,4,0.1781623741465186,414.0217805139346,0,1
8034.369299143608,0,0.4749131188668424,29.190629559997454,0,0
14949.631477579978,1,0.16516337178752033,300.4908524945642,1,0
2460.651048836394,1,0.6457007644052272,323.3710286929743,1,1
10294.112657378171,1,0.73229457989207,303.1716844773984,0,1
6242.01401259142,1,0.8699042617816313,326.76667369733906,1,0
2428.6420841562676,0,0.21904168570276517,317.5307772640565,0,0
2801.6830689274884,1,0.5259362684266433,69.54992306527278,0,0
14264.460040561446,1,0.5540298940283349,121.2937045897131,1,0
13254.221702320549,5,0.8379812270247838,311.40203261806005,0,1
13652.108426017816,1,0.6018213124772114,13.758114762701533,1,0
14877.225249497105,2,0.2164077165162569,319.198536768006,1,1
3520.5731551235103,2,0.4490810591705514,334.36637877359084,1,0
5653.870391778895,2,0.6238100228050004,123.39150613152094,0,0
10203.675933910567,3,0.6602275456554378,301.0757507278041,0,0
7515.136827979385,2,0.7904591988724589,269.37458005826346,0,0
6566.648233985836,1,0.24440569587551775,134.04231633579133,1,1
5688.2631153661,1,0.8612337174043988,234.17213587800353,0,0
9109.819163180056,2,0.14731152961247382,455.26414205902984,1,0
8846.10471528119,1,0.8870097076551217,216.16837632764202,1,0
2841.138593931481,3,0.7862136742931268,316.77286755535334,1,1
7340.227644017366,4,0.628218226209737,22.498656415143632,1,1
8525.340755042824,2,0.6879964002115373,43.511056094438906,1,0
8769.160611605163,1,0.15815360473503715,45.24749628514264,1,0
3546.554297229101,0,0.1331838903155619,390.2291779950905,0,0
11262.935187658159,1,0.18141263724109244,178.37716292770907,0,0
865.3868749055097,1,0.1698878517313102,117.66778574107761,1,0
5645.061905375858,0,0.5379049867755481,374.92566138360274,1,0
11813.083403766686,0,0.2723551896894313,89.13023096530635,0,0
8676.447355303335,0,0.7881645097653812,127.01379990978891,1,0
4286.855271407474,1,0.4565988984544578,218.31106441866032,1,1
10576.820230474192,3,0.6564083811666199,169.06184416223357,0,0
8727.168690263064,1,0.6222984743761278,294.7691444631389,0,0
12045.532337117615,1,0.35588243114376805,172.2311064420496,1,0
11157.86519975244,1,0.29453405882058326,199.5110597501515,1,0
9346.564869525402,2,0.37396502823730815,432.12887108349554,1,1
7578.576292006804,5,0.73732669907987,442.8430626158612,0,1
2431.1408221790894,2,0.5690214787356948,414.7170394526367,1,0
4289.328759338065,3,0.3028309300153403,433.09131168879316,1,1
6576.942357297737,3,0.7542771544483442,287.01569132286295,1,1
9189.839661592636,1,0.1438075088882454,324.88544130193503,0,0
7948.76390062192,2,0.6593466999922363,280.8007174446956,1,0
4678.675626413177,1,0.4512806445994487,393.8661016061954,0,0
593.733187950803,0,0.6850323088527106,277.74524045191487,0,0
7695.468717561802,1,0.8419690241947414,59.983097452636365,0,0
4641.5768341525245,5,0.7000272783575231,405.7421596261456,0,1
11151.820360302758,1,0.4535722842491059,381.4896594853805,1,0
847.2208464220106,2,0.2207805452111046,411.04879466489956,0,0
8980.003263933968,1,0.745080780644347,99.26258437793211,1,0
14151.376443837948,2,0.4685644215370973,139.4504410939087,0,0
3028.934373116743,5,0.16024985876570386,151.39709014544735,1,0
7338.917615883633,0,0.6752443182214928,256.49986541190844,0,0
1825.6188813485035,1,0.3334815727332717,71.26915666091259,1,0
9572.387727789614,2,0.13911058360414819,195.76396787105932,1,0
8482.709368645272,1,0.8222008119792622,95.16828973411965,1,1
6406.800101086069,3,0.48648087367512804,136.05754295120454,1,1
8059.966811369248,2,0.32476884253841726,354.6618791064215,0,0
13500.332547800648,4,0.6731092463079292,428.1315223770541,0,1
3346.267383510472,2,0.808721902146051,16.33840396560601,1,1
827.185419727535,0,0.1002456600270044,285.1189968607252,0,0
12994.140828136964,1,0.650281748033723,22.84958222082223,1,0
8868.197694624643,2,0.7136093552147371,47.19837628071739,1,1
13414.547604196716,1,0.26794194182359443,354.01659713398396,1,1
9155.705739491003,3,0.49169906512813955,369.1260127185477,1,1
12247.335804415687,1,0.17142871913434865,407.9204332205354,1,0
6730.2637686496455,4,0.6973999060122781,239.74954832630095,1,1
11372.969003679897,2,0.777964814850682,430.60470359801315,1,1
13739.101269902912,0,0.1865493258597285,87.58495436260405,0,0
8795.782973971991,3,0.7531682027462677,128.60962474932631,1,0
3121.3846831545034,0,0.7172561363876269,71.5785630629758,0,1
4397.5654179378735,1,0.3775306562967179,399.7809439880289,1,0
3380.3463650123836,3,0.6522316239468666,118.19418360137637,0,0
4079.426900138127,0,0.1000384991154494,81.97806516535634,0,0
4943.024015590027,4,0.8454381235727989,313.4397903560878,1,1
8549.439907921233,0,0.5403065882466983,43.155603048533834,0,0
9025.878627225575,4,0.5962710912495995,27.225637223985405,1,1
6684.246335006987,2,0.6317275308312789,57.825236033467164,1,1
9423.601307402114,2,0.5490952137746934,5.119237573647959,1,1
1682.8364213648058,2,0.7854111100315705,350.01012633978723,0,0
1772.9294373433195,1,0.5877614657212352,283.30648424866695,1,0
2991.5271751860473,1,0.8262079929923781,108.88817897367332,1,0
8012.123721584999,0,0.5658652977872072,120.33744924890995,0,0
3602.9228411255467,4,0.2368979375844533,406.42945624266963,1,0
4607.6238506423715,1,0.8308500446714423,253.4009573508487,1,0
6304.536124508414,0,0.6453019986878215,350.7715367554611,1,0
12272.058798150507,1,0.6593911955484449,229.11394838108322,1,0
701.0009707364717,1,0.8883854004572814,122.67042288029218,0,1
9915.992893431025,1,0.16015724336766335,485.34938633803887,1,0
10198.709700089938,0,0.44287408567613706,284.99554387082173,1,0
12080.50881517123,1,0.29127631438929213,69.83604236511664,1,1
14024.917616374541,2,0.6043411717709257,206.01457088103385,1,1
791.9988097647025,3,0.7454493469984576,168.02201891371584,1,1
2729.8637299416346,1,0.8730485671139302,110.97329695131806,1,0
13349.483763811899,0,0.46367688556377606,467.0527946739285,1,1
7148.519151711723,2,0.7289745845140834,441.0553977525775,1,0
8686.56426453522,2,0.8336412736323037,103.57782267745762,1,1
10113.894453985637,1,0.6466603460287078,179.31320508248078,1,1
10346.465765186742,0,0.294186041959817,382.3461188770567,1,0
14010.235848089369,1,0.5862833208862331,108.21049382940676,0,0
14955.76655246921,2,0.8759616382537493,297.824606989101,0,1
10942.283183498634,0,0.8900430630892523,351.3980013517842,1,0
4664.707533474687,4,0.6138878589734225,328.71630122682933,1,1
13256.409833267982,0,0.8095902062975914,354.6722769363728,0,0
1213.7032608410432,4,0.26027949107888226,354.81629656923764,1,1
3850.672366680195,3,0.2968628839617734,482.5789303252196,0,0
13512.092903223866,1,0.8623100903078877,176.5169503125582,1,0
4214.776959370647,0,0.20818830039584635,439.9022600660406,1,0
3699.440364515353,1,0.25288515047478316,15.794495944977855,1,0
2502.816750533585,1,0.4364388792960414,147.66046684502518,0,0
12957.120485880288,3,0.5716674302026803,29.084612089570125,1,1
7750.844758270758,3,0.5830537751746173,327.3459601781409,1,1
10285.951444285245,0,0.3335808069324515,54.891233512151686,1,0
3966.46256908793,1,0.8364911183602786,423.6248975077629,1,1
11491.58610466264,2,0.8320799260862902,325.06288347617857,1,0
11520.080401950428,1,0.413654442441898,19.263623521534818,1,0
5032.671361170352,3,0.44743341554423777,358.8147958901384,1,1
6454.898178649101,2,0.6619976934591294,431.70729889219575,0,1
3540.5090227379123,2,0.6303967171191206,332.254898792764,1,1
14660.134838182112,0,0.4058376119687699,20.10948688784093,1,0
9861.237367346968,1,0.43139540121680275,429.67017648790124,1,1
14050.886270374975,2,0.3784311547372312,367.5696369023473,0,0
4899.090382622431,1,0.28830800556264635,192.33339967957218,1,0
11837.4182384549,1,0.4665106903393118,167.6719778661738,1,0
11604.950336328759,1,0.6491473055220324,242.51098979668285,1,0
10529.006952064852,6,0.6935733642514343,434.2153667142461,1,1
14501.765141368605,0,0.7230989186047702,129.76937917543097,0,0
6206.552373541575,0,0.3997856107624972,54.97708656439456,0,0
2395.401192051481,2,0.7117087954279789,432.9950046157197,0,1
10239.778459038882,5,0.10521305255350022,18.01347519595786,0,0
11074.99210691949,1,0.4816399501735058,455.9435260108119,0,0
8838.378315152813,1,0.7351235201061527,156.34387117919334,1,1
3498.859450434246,3,0.6040357765130826,256.57023733569247,1,0
7814.611154205652,1,0.4792504993236062,70.48628475235289,0,0
5026.751180252377,0,0.6157136052850793,451.6162098414592,1,0
6698.264658416992,1,0.8255568025189312,376.16893057528034,1,1
9855.669349747626,0,0.5531054404881659,462.45701537097693,1,0
11305.613769017102,1,0.739828953168085,343.1983803034904,1,1
3867.2580180694754,3,0.8845941801801581,96.42341948745143,0,0
6377.217729380824,1,0.6644545616604534,157.5921664781934,0,0
4402.842779378623,2,0.5586606111112509,245.9900446762193,0,0
3380.158400997102,2,0.1299887577002722,305.5928116533024,1,0
11859.114689939657,2,0.3995823186036701,463.59742148145546,1,1
13684.16406933639,1,0.5523541868120947,195.05597556562378,0,0
5868.3666924263625,2,0.737765257364826,353.0206508440372,1,0
11393.544403419619,1,0.45048383171806106,480.6993802108568,1,0
13506.43169578396,0,0.8680466206118188,80.42516139064924,1,0
12768.801052688357,0,0.31743500209893993,432.04124644587637,0,0
3150.7941338187757,3,0.6956537561682532,213.24950484463332,0,0
14366.23228194374,2,0.435225133667302,367.5487790850217,0,0
5961.808386227206,1,0.48879079565272476,150.30147767485641,0,0
5418.9895870206265,0,0.7420016270923523,170.32218804167076,1,0
1405.2542455278149,2,0.3369722093213644,18.430946309692736,0,0
7549.517984520803,1,0.1774496452761145,485.845055817645,1,0
2080.6974267934665,1,0.5162044676907417,407.6590247392383,0,0
4103.827403447676,1,0.523035689442999,51.48938917347914,0,1
5095.66801562558,2,0.737734217780299,499.7568538535684,1,1
12227.981690629418,3,0.8746553649856814,304.487175615456,1,1
13194.585430740499,3,0.14424054906267872,427.5956757923696,1,0
4885.76160319131,0,0.5733515789944871,37.99707782254514,1,1
12951.122758046322,2,0.6450228242518399,197.77833335350223,1,1
12929.84859186197,3,0.8886410805988174,336.4773055402869,1,0
11587.438780580665,3,0.8540721714215292,57.68469075635225,1,1
2627.0791532201324,2,0.669960611769582,247.00690513373033,0,1
10509.68128006057,1,0.5174315289955728,224.12554789935007,0,0
14202.848936418248,2,0.22921913783940903,111.93991111442197,1,0
10396.836942123777,2,0.4073412441635339,153.6335687466421,0,1
5308.444312063592,1,0.5680978600457235,483.7235854750163,0,1
7758.400102747054,1,0.680160317276603,147.88100057491832,0,0
9863.013128590277,1,0.6083196459832898,110.64593631436347,1,1
7903.270926563302,3,0.671298241462193,270.423539678825,1,1
2239.3176550990624,1,0.4433220036415182,337.12422686479744,1,1
5024.9286474543,0,0.6821018324568072,363.9210899794346,1,0
12134.742443027671,1,0.21499300481577538,378.3523563259735,1,0
12990.561668385002,5,0.23006904941049086,23.23208329980278,1,1
2490.8504743757685,0,0.23026571666357026,199.91139818788383,1,0
14309.607909781507,0,0.8126919656286209,388.10924949262966,1,0
5267.927958804836,1,0.16082725064690762,452.9017903910641,1,0
10103.54921159544,3,0.7412066981867808,303.0890610497277,1,1
11401.464616371877,1,0.2868567184373897,30.891892487294406,1,0
12273.22040224931,1,0.4747439523962006,201.33967389828996,1,0
14213.370682275987,1,0.8327652763725424,41.74242235488505,0,0
5037.333446417928,0,0.5687497837500054,375.5262420288694,1,0
12948.34359099754,1,0.2680941489858869,36.43520729442429,0,0
2409.460099825002,1,0.32727204825504574,96.93687803391273,0,0
10723.093142127094,1,0.8363572991166286,211.39441986256324,1,0
11258.677077952796,1,0.44171514008798274,234.01094172186166,1,0
10326.986997419146,1,0.5695883864054315,206.2084416559311,0,0
4158.5636739597185,0,0.46794575730031107,234.38134006997,0,0
13159.125631720448,1,0.40275047043875967,358.0533802499989,1,0
2948.4477188707274,1,0.2786233015459215,187.78806736299305,1,0
1277.7044770520472,1,0.6489532003876817,276.13647727955646,0,0
10903.242363872727,1,0.6745936210176964,155.16778247672246,0,0
7394.397870874638,4,0.31990807328591964,180.0456100697889,1,1
12811.921289400803,0,0.7312086744438643,308.83048472583,1,0
6059.258545344755,0,0.7836281602413436,247.7948525603249,0,0
2940.0395333618358,1,0.8365400769917043,362.90296595534414,0,0
12628.41179081311,0,0.22896993113469596,282.4666010856161,1,0
8459.189658781039,1,0.3431389468906131,402.76917226501706,0,0
3243.3389896601457,0,0.7882826780029565,224.4870654323847,0,0
10945.567979503463,2,0.2588321622623152,248.06164183406673,1,0
7911.147758097758,2,0.1027747673947963,336.6358177059651,1,1
9262.538242484638,1,0.7966618482013076,114.51575248396419,0,0
7183.025903995437,1,0.3611595534010955,196.03512078097413,1,0
12516.280265361092,0,0.43159802011116,314.2964157857954,0,0
12528.659377404223,0,0.4570672205765104,19.293753286539513,1,0
10786.137916453601,3,0.7786196805337828,221.30085964880112,0,1
2028.319972248703,3,0.37031371567476834,301.4307184715278,1,0
12663.380997608998,1,0.8138239086851854,483.8508883292079,1,1
10229.688217727193,0,0.5935513104384385,439.1231980007472,1,0
10606.850407062342,3,0.5218293792269474,143.9672667066158,1,1
5763.251185856138,2,0.3604916057019699,256.0690014943177,0,0
13249.553564276597,0,0.29496935702494864,32.9251144667452,1,0
11017.888203405433,3,0.599246754221879,124.17343533481453,0,1
2132.56176467332,0,0.45751532804526096,388.55365469370463,1,0
6412.781498889359,2,0.8284128079456051,66.04043607629555,1,0
13352.515248422054,2,0.4933109728912398,132.5568097928085,1,0
1184.3521746119955,0,0.5094359333609529,472.30103835922495,1,0
14440.540984809717,2,0.43337862490880064,412.8086212437667,1,0
10347.85724063366,3,0.7314103975930281,392.00471776121145,1,1
9654.951675828961,1,0.4398713584874163,432.9559576995676,1,0
4423.109219075875,0,0.31547359979980394,376.0548148582652,1,0
4107.480936718068,1,0.7896246994348078,64.6901769785263,1,1
14159.844182584635,3,0.5774625770921923,260.69785661018955,1,0
4824.95058639478,3,0.5732081758152014,224.90074079714938,0,0
11744.82680242549,5,0.5886577657311413,159.02003124383813,0,1
6200.266074002648,2,0.6750717985645334,417.8500028112047,1,0
2519.184026378208,1,0.3504543914500535,234.74890517524568,0,0
655.3718165827048,2,0.12707549666640228,34.8473126719871,1,0
8391.731386721138,3,0.7484745287016077,141.10796394153277,1,0
14648.792868959523,2,0.20312404310530996,118.16742372457533,1,0
5852.474810233465,2,0.6774557897684353,444.30204798158536,0,0
5679.28884289915,1,0.165852238629863,325.48185981630496,0,0
5489.32845881691,1,0.40024627362279375,282.3862516116272,0,0
8047.885640920447,1,0.1504208558652306,255.791374630959,0,0
6889.640809652256,3,0.5177709437021797,326.8059486330254,1,1
13258.76208754171,0,0.62250861822526,378.6633956546768,0,0
7830.05147999061,0,0.23714651294255065,279.4204293865974,0,0
7862.488653734247,3,0.39730209475072165,469.4512805005422,0,0
2506.3881234480705,3,0.8441915928344429,488.5329144719404,1,1
14749.723343200596,3,0.4539112936859654,497.6944467213674,1,1
4124.60691759803,1,0.7420348551812453,336.34859949387914,0,0
1563.7789781642387,1,0.8417477960481673,466.6471310441598,1,0
10115.620610140528,0,0.8794766599818292,205.21744917743757,1,0
9132.812367274653,1,0.8186576157530955,430.49823366745574,0,0
6519.611982894813,0,0.3539242633271753,455.04127787614203,1,0
6621.7873912698315,1,0.8700583089289544,452.5495338044764,1,0
11883.426855173253,3,0.7499161933968376,416.26891003964886,0,1
3337.8332814449113,3,0.7697404669115903,206.26658501241897,1,1
12393.673124700901,2,0.11213838733746782,83.6592035804635,0,0
9906.833151477764,0,0.8633910906546349,170.30839639050072,1,0
6575.061719803103,2,0.7224721790789926,384.807841802556,1,1
7141.414940466095,1,0.71437399720632,120.27832810833775,1,0
4221.38450419839,1,0.16521978474286902,241.74467208885633,1,0
11405.657824106134,2,0.286054832858665,284.87276140241266,0,0
7936.683763426382,2,0.8698093321103193,303.90998840674825,0,0
5152.390869872732,3,0.500541659844381,468.1841464475053,1,1
9142.726678533778,0,0.41828641458980487,332.4390451050872,0,0
14938.149554744185,1,0.771952653717531,394.2179139582646,0,0
6811.303055020031,0,0.16987233129115548,293.0297822063585,1,0
13850.025311289983,3,0.43355361301684747,417.6222578366718,0,0
5502.744178906209,1,0.40056061953766686,135.5134884695326,0,0
1293.6242504122954,0,0.3798811096243142,108.88944747605068,0,0
3461.5105423422187,0,0.3461537949224585,463.528424135195,0,0
6571.079578251421,1,0.26805996543206245,348.2730337969023,1,0
3684.7064646212507,2,0.23832864239241777,337.40516064381944,0,0
503.2920541647053,0,0.6123248935357393,236.3111431210827,1,0
13767.522297339145,3,0.8355158729669427,191.4651433502877,0,1
12736.251462848471,1,0.5070813161999052,280.0671412669262,1,0
11263.237356560734,3,0.3383796418773154,64.68034296372522,1,0
2933.311636867415,1,0.22732815817778107,230.08271773613833,0,0
2245.271855044798,0,0.7641146920420754,230.40701371041305,1,0
1480.2688673495559,3,0.877193645178571,271.4765739074113,1,1
10998.423237207358,2,0.3793243211742815,319.1693791117651,0,1
13967.715429974336,1,0.3327603404417031,478.87259116275425,1,1
6742.769403239036,2,0.581194362379953,327.82371791041965,0,0
2227.5397439426984,2,0.7202631847627406,442.4439502169387,0,0
7929.695900615545,3,0.46432224283973145,280.3704114272361,1,1
5558.0626581501365,1,0.6040585198887594,315.32930190060745,0,0
5934.961403074966,1,0.6732392544186335,39.569291789236956,1,0
9509.294050257755,0,0.8684738302849434,70.96554282778571,1,1
10921.412642301933,2,0.23202986441606674,291.9368654227821,1,0
2103.752183660832,4,0.8979059950602956,200.87787062922447,1,1
1016.0583466939077,1,0.413725324192983,400.41120733342336,1,0
14917.789388942865,3,0.678560114181243,273.87304806271715,1,1
3874.5610592755015,1,0.5579315023783978,441.73406428091226,0,0
1280.5426111726565,1,0.48933489360707216,486.3041808388342,1,0
3253.1922718908395,2,0.6584602949852691,78.07941663513508,1,1
1064.8887720527312,2,0.41660308017887615,200.43973706953514,1,0
6181.2579719489895,0,0.20088798506944514,334.16560749282525,1,0
12134.825874544202,3,0.49111470649699185,156.2169339231731,1,1
5448.044521486949,1,0.5175326965458549,137.1810071721401,1,1
6940.659399736315,3,0.2615217227199514,407.80058751127416,1,1
10296.008216727863,3,0.8484954850629257,490.2873421840778,1,0
7878.964016013263,2,0.281980517317033,388.0326489675033,0,0
12990.9624473092,2,0.4273820752672782,264.2199282880362,1,0
13057.51728816347,1,0.22394374947577866,224.04305981293078,0,0
643.7050846217278,2,0.5286373169495553,272.12562166253065,1,1
11781.671444006388,2,0.34611008648007174,234.10565258292925,0,0
7180.637203504271,2,0.4914180159808672,253.92958810890568,0,1
14838.187848903115,1,0.27969353316656154,105.7092600119677,0,0
7506.86510019381,1,0.1430201023589726,452.35226490811715,0,0
14809.991208130314,2,0.7233813208658043,378.4948257540177,1,0
11441.255737483181,1,0.6128690271677267,342.0838242331439,0,0
4104.770826892942,4,0.3725914845688103,475.2128606323642,1,0
8306.727199660887,2,0.1379953797458578,145.77519429685483,1,0
14885.96677243945,3,0.7924600501576967,45.173908392339044,0,0
12934.193812402893,1,0.23583600394854348,413.9386368758892,1,0
1911.8199599727059,0,0.8445937746251424,499.21639700638116,1,0
10742.393953744942,2,0.48287630287676675,291.3240568199987,1,1
5510.90399512679,1,0.37230936792678704,34.11064701677752,1,1
601.2427972650477,3,0.6934075815127712,391.3316798766959,0,1
6350.474050891494,3,0.8014715248601486,41.50577917869157,1,1
3903.9391150120837,0,0.39657085091656863,272.3069231983442,0,0
12373.604422546838,0,0.4258750017361498,142.3785747342109,1,0
5391.2938282636,0,0.44652657547775787,457.93825639323575,1,1
12499.093562330349,5,0.8378584491829353,228.40895056344507,0,1
508.670113104532,4,0.6540511932114661,449.73935749688394,1,1
4963.377675378728,3,0.29811689363652444,153.04513720101093,0,0
3996.895607462548,1,0.24799975800158355,196.74447899156885,0,0
3886.726735494859,1,0.2842941307398529,473.8239981823049,1,0
1488.7059865992092,2,0.3108511113484139,104.65065321115951,1,0
3213.301920952275,1,0.28414679306720125,291.3580700673168,1,0
8555.468763341487,0,0.6268051577539169,197.3126126372551,0,0
4724.735556147295,1,0.1927468085260051,388.21260810902004,1,0
6552.224343772646,1,0.40988679176636855,69.00170372982191,0,0
5964.569765034234,0,0.6000428583762931,221.4214096573109,0,0
13200.62141249847,2,0.33268797915434467,350.97165028840527,1,1
13626.835485652475,3,0.15221950776132642,206.4730363280491,1,0
7647.876089009971,2,0.16545913827677464,33.973210941311464,1,1
5287.261279576264,6,0.20077342104374907,354.03056936099523,1,1
2048.6102080342725,2,0.7686744198945242,254.0831722040666,0,0
14324.341751040378,2,0.6262908044839758,10.597799906649769,0,1
1373.290701054313,5,0.15161792887811584,308.26466813804467,1,1
4815.929024740067,2,0.41285510332113595,460.3411061517493,1,0
4821.95991696506,1,0.3228681382776525,59.95784436478605,0,0
5145.818649033116,1,0.5624320893030402,297.3822613295386,0,0
2882.1592274499344,2,0.5182447597378508,365.691096472502,0,0
11855.840748393608,0,0.484899218695772,40.032966719451196,0,0
2276.2189985068435,3,0.3516098962980906,16.19465179127222,1,1
9706.14655772086,3,0.21023981763519262,234.7769539892489,1,1
2295.767387234353,1,0.6939011062981104,396.63741018101007,1,0
1522.7667450978702,1,0.8038854150741236,84.55610799916752,1,0
13686.727803445208,3,0.8553207273862539,419.1354497463868,1,1
3256.867111621232,3,0.14689517649086437,330.0057414346801,0,0
12408.127241115712,1,0.6919269692711063,169.4257774553004,1,0
8397.147631053469,1,0.68120276752557,260.3337702537625,1,1
1628.9195343271592,3,0.8576876913164714,482.9596149647355,0,1
14353.998775851978,3,0.3023316755982124,112.1363004630077,1,0
4080.9369213824416,0,0.6937432306361251,252.2700218832999,1,0
12964.857507612795,1,0.14370103101318765,314.12084527327227,0,0
2947.7450838761806,3,0.6049965766092953,73.31722971045478,0,1
12882.171791056866,1,0.3806782592417438,26.543433868538273,1,0
691.8177871267628,3,0.7151275516379801,11.662676701078286,1,1
7920.81662025747,0,0.7906434291483148,165.72296401700802,1,0
11656.917401612574,1,0.39185683377401304,41.603910770008355,0,0
14054.535003645358,3,0.5204688741594404,402.86612650785173,1,1
13683.430974994062,0,0.19392324989087995,498.6731659450643,0,0
12384.560608440852,3,0.4335255721787813,35.34539175855969,0,1
13378.77457008891,0,0.3886403146073354,219.1995065870526,0,0
3388.685444637609,1,0.24649876782761418,17.737400876374508,1,0
4620.672287820067,2,0.8155828998134207,71.3254909248453,0,0
4690.043611355349,0,0.2184702704321282,164.84666765078367,0,0
5967.281999524633,0,0.6085914860241497,199.88061546353669,0,0
6203.1497205852365,0,0.8121141147839102,470.1925584821769,0,0
8396.052207492794,1,0.8295748638905805,200.93922033466345,0,0
2818.2565688134,2,0.7345917598724547,250.6574412334141,1,1
10523.076624896845,1,0.24091290709934132,126.56376729556386,1,0
2929.714819915344,1,0.7539451273710958,5.061943684504869,1,0
4999.472990515939,0,0.32125184993249967,450.1705560829019,1,0
7798.504393789233,0,0.8379184219460072,45.448804732970885,0,0
12048.388142090422,2,0.6672693451390797,482.30317631293343,1,1
11222.303881961545,2,0.7282140488071093,69.76783152962884,0,1
9860.248167952574,4,0.1680259628015498,304.4148479714679,1,1
2758.712278412467,0,0.5662120907548356,499.7082409890353,1,0
8432.157511425878,5,0.7569137015189437,73.53997505448956,1,1
1767.974276098339,3,0.7892722822179995,214.851827045213,0,0
5971.766063551436,2,0.12290536378691322,391.3097161408809,0,0
6495.989689204408,3,0.8513273860440954,20.93412417573429,0,1
1077.2658719634305,1,0.1346709866419838,346.44246181432203,1,0
4472.827442314591,1,0.5916149437398799,44.78480225594574,1,0
14356.917275364096,2,0.6547100220922497,122.07747042524706,1,1
14327.672813530498,3,0.18587623293432787,84.23770043421341,0,0
5608.74228666182,1,0.13840949248735415,454.1315336652334,1,0
1124.9515797506988,2,0.7279297235605834,94.32607480693201,1,1
3096.8766202586326,2,0.40773649983794724,25.014877280002814,0,0
6187.158004786332,1,0.18569001225209894,295.8747108316423,0,0
14242.805620553832,3,0.7101342531101137,176.3595580778025,1,1
2547.3864212891813,3,0.7793304561148965,205.82457921747638,1,0
11570.979733189077,3,0.5699089526070459,63.93605870696075,0,0
2075.896820933035,5,0.22898944674771649,375.3760732594313,0,0
14728.234872173514,2,0.11217797719319265,302.7690565735414,1,0
6033.439237082457,0,0.6606419850415551,185.2874371503986,0,0
11740.900814036313,2,0.5401117398602534,89.92959716275232,0,1
5467.570700761411,1,0.6206377133760637,298.75861088942736,1,0
9601.198718802727,0,0.7505477361596766,390.4056533561518,1,0
3284.2332287305326,2,0.4473822215943777,159.63665551426146,1,0
2617.304779805957,2,0.19961237506689633,17.800889851605564,1,0
14101.930023737903,2,0.8519866283126611,111.10027245272708,1,1
13805.885529614285,3,0.5362097017974858,342.78692035195047,1,0
13368.299633086794,0,0.5922352952708322,494.6027068411767,1,0
9568.785027415604,3,0.846729143641401,11.62123850734438,0,0
12219.889062636033,0,0.8452669250482104,156.54601325538988,0,0
1501.0355852149362,1,0.5576756853825389,35.700330872175236,0,0
5354.4411074148475,3,0.3380891397771409,161.59289744270092,1,1
5048.695308978765,0,0.8976909072101914,205.92759984807353,1,1
9716.857168312892,1,0.6446536719628287,460.8267355133962,0,0
5661.3877153242875,0,0.4267493415136453,44.87759570546447,0,0
2653.3483338333717,0,0.5478694422828718,389.68135626755617,0,0
9148.772593496384,1,0.4326672402144237,200.78952605116686,0,0
12308.566849701681,3,0.8106441218373179,406.5751105851292,1,1
6040.790669669611,1,0.48599949989259694,259.13408173618257,1,0
2417.8963689279844,1,0.7588227007849978,24.44460922748799,0,0
3351.978861035934,4,0.7721410382584032,473.3719129338452,0,1
3943.5079249560677,2,0.7594658701881988,45.953361400088305,0,0
4848.515098420775,1,0.6777508899805396,300.8533337542093,1,0
9820.528522341483,1,0.7839021734460655,439.4455426520903,1,0
9213.709525796925,0,0.4097836636983754,44.486049886345974,1,0
10593.157992722068,3,0.1917305649135683,279.1772272659264,1,1
5756.278775706941,1,0.7739633634980116,413.02348838460387,1,0
12447.965952259685,4,0.49853473254987624,493.23073077966893,1,1
3459.271086758524,2,0.20190082602228082,363.5420634029405,1,1
7301.090839013232,2,0.19225001774560635,142.77551585433037,0,0
12113.61146235074,3,0.2273939152079142,351.2873132734777,1,0
3112.3003921229792,1,0.7007786077336847,354.3545508072815,1,1
2093.0151492413524,3,0.6686853387730249,351.48317599178563,1,1
13313.41753147585,0,0.26305494414790664,427.8589163610873,0,0
5472.4801100083405,6,0.7775387344878362,48.25313094714801,0,1
10416.116811180964,3,0.3250358364225959,58.66782348063952,0,0
867.554761827108,0,0.734388466651958,322.10547649165125,0,0
10505.67988193702,1,0.4910447261879536,477.171142568603,1,1
5083.469017431073,1,0.6852389460308529,235.59012626502673,1,0
1308.2423770179053,1,0.4051101304588527,480.4785373047092,1,1
9342.285042447696,2,0.37771247767582083,469.3522034604962,1,1
3991.6553330610122,0,0.7730876791674659,451.94032042598815,1,0
6108.70500975226,1,0.12824180361125573,455.37623255772223,1,0
1668.421778154447,2,0.8797895578060059,449.66780269735307,0,0
2633.8671408767073,1,0.6185436466122988,410.8452448518952,1,0
4820.6699146897345,5,0.44598671055955375,349.0145845096385,0,1
1801.5127581222785,4,0.6024436249203402,17.08204840334108,1,1
13706.98083795157,2,0.19819275716718626,70.46552811724598,1,0
587.6821261676871,1,0.5112419642348381,71.44486699307623,1,1
7515.973173532516,3,0.8880764186718382,16.65244071839699,0,1
2287.088142921996,2,0.28821555027736545,62.76737536970015,0,0
4961.346797430254,2,0.6778224792290796,460.2744846157176,0,0
13927.86361736485,2,0.44797710066536056,333.583122020839,1,1
2844.5710224728095,6,0.6219665187903629,159.47614405623412,1,1
14504.568635915823,1,0.2639097829534204,397.7132060571566,0,0
3484.018466346615,0,0.47637198609408193,246.7428960426512,1,0
11252.708572769028,0,0.8840741710874201,75.35288327335891,0,0
8426.82034101102,0,0.2562297208128077,442.8285302071139,1,0
13324.941550153007,2,0.6091560222790057,172.6376633870539,0,0
8532.902204795399,4,0.5604781990134363,350.93531911229763,0,0
8251.108677766475,1,0.5520412690323226,148.84410944730567,1,0
3334.1410053417985,0,0.5920986317212937,252.535269083531,1,0
2910.3257497490513,2,0.5017903789505825,409.0450922075556,0,0
13789.092691174956,0,0.1135446002061264,82.604786480062,1,0
5253.653883325494,0,0.8200774491704943,488.73944064344283,1,0
5895.192696961991,2,0.7615830619872247,39.75688181605947,1,1
11517.443047211631,0,0.23933414473689707,269.3344103215495,1,1
5412.940495130707,1,0.43061854190309523,458.4326320792143,1,0
14304.90547626554,1,0.7164391845548543,473.11847301685003,1,0
11199.952650482604,3,0.8840498523098276,119.89393662548912,1,1
9162.72401731459,1,0.8609096371534292,76.27256570133027,1,1
13272.979827898911,2,0.8194873597409393,363.57948515735603,1,1
1219.2856710675,3,0.22669911783931174,25.77691629673737,1,1
4227.409036743527,1,0.8315800848072039,245.19328967000556,1,0
7243.0268462031945,2,0.8027559303608636,399.19583726262505,0,0
3791.1888223370547,2,0.40155992893311165,282.3260886358328,1,0
11286.625215881204,0,0.41561807562900965,98.06656655813248,1,0
13828.516450279016,4,0.4679271375641286,246.08692823763178,0,1
6644.6667389983895,3,0.6249405047731336,461.030984642202,0,0
5460.922701622477,3,0.3086684927864126,310.520424131917,1,0
14442.48561599471,2,0.11835874355195575,362.1378606466648,1,0
6950.360275999342,3,0.2129836196777938,171.45062043294487,0,0
7591.201806514607,1,0.4520927260614189,98.29946870797077,0,0
5598.923148957628,1,0.32560205554096144,131.5429038003038,1,0
13688.452858676006,1,0.7116132488289055,268.922908911346,0,0
8749.854507586835,3,0.1853520564394171,143.70897603729836,1,0
11551.531514133847,2,0.833972180443843,273.27256977592003,1,1
12271.197416087853,2,0.8162617439551288,355.3570040512076,1,1
5456.811107800244,4,0.8270054535466306,368.5259587042992,0,1
6788.56780414551,3,0.6916879988826613,86.51904513224125,0,1
12802.840728890837,1,0.18559997718687946,376.46327017276224,1,0
5767.2025992992485,1,0.4505100570956534,337.9806290982177,1,0
12012.059435051844,2,0.205124297444371,10.942541017509805,0,0
14144.388677329338,1,0.8901593542088662,34.14172666942667,0,0
9536.5504094861,1,0.3664307387189386,324.89350342088824,1,0
11253.595668052389,1,0.5682644335120497,194.93343028403626,1,1
12173.911024596457,0,0.7235144433953774,77.32147978995461,1,0
12753.074909001316,1,0.8364928673805164,26.97629678896846,0,1
6228.273398923541,2,0.704438180673088,83.90217863285328,0,1
1243.3201580519735,2,0.6396030230129901,478.96941233920023,0,0
6327.205932932723,2,0.47278542563052106,365.14499257763,0,0
10269.465331869302,1,0.5843201070004193,266.21418336247547,1,0
7030.080593821495,4,0.17533104708226388,471.06254752702296,1,1
11359.965687475778,2,0.80713803356901,311.45966665239393,0,1
5676.245227295626,1,0.5350218470719084,364.1943681989303,1,0
9703.79004600843,0,0.13210804034795418,144.91265016040668,1,0
3203.0871703826315,1,0.835921700527918,296.54601257665195,1,0
11365.856831351875,0,0.4914415790694949,76.02123592743092,1,1
8412.591547788874,1,0.7948713132488014,205.21915687289882,1,1
3458.9336339257084,1,0.7855103633642856,21.453960868372008,1,1
4732.712015718205,3,0.7526012699656919,112.23090335342684,0,1
11354.82627443657,2,0.14912241543628488,42.05997156422397,0,0
7497.71791709205,2,0.2976533163393671,196.95051565607952,1,1
3632.455885699547,0,0.8004382979723447,422.30240649605264,1,1
14525.432260369316,1,0.8191928448416751,192.0773826408013,0,0
10869.312787344876,2,0.4664550898950449,416.6616148673485,1,1
14378.455071827044,1,0.45203317412336186,329.96666472654925,0,0
6693.023157724977,1,0.24011250710891982,257.2170760822597,1,0
7388.954940029947,1,0.8747286309529211,122.2613881643586,1,1
13520.350634682778,1,0.2705107802872345,461.46726595785543,1,0
8113.215433558077,1,0.25274942748061247,31.829400376806465,1,0
10755.544222632174,1,0.6285831761193394,346.0119437609136,1,0
4156.506723685185,0,0.2942754424003582,312.5137469406376,0,0
6977.533796188288,3,0.8510172888115118,223.31555351698077,1,1
2290.023054250149,2,0.10872559625423586,123.95887286983964,0,0
3486.710520215944,2,0.10460260985864106,218.1944887384071,1,0
513.6795213806507,3,0.5039014411484797,437.0224991489432,1,1
1069.3432489055733,1,0.49044996793077755,419.1992245762023,1,0
14670.615436065475,1,0.2306912175207284,470.9837187386295,1,0
4014.1285794830533,3,0.49561565037622757,157.35763727949777,1,1
10118.005287808028,1,0.42932888413598913,196.61655839259208,0,0
12666.945632594368,5,0.812263620273895,14.269445566632347,1,1
8484.576658930182,0,0.10740313617357078,471.76024738640405,0,0
2720.595251217365,1,0.8810158440263618,168.04809544954807,0,1
11057.688341374413,1,0.5995142114366739,205.06109165883166,0,0
9203.645446443954,2,0.2214747565162205,454.3632826664603,1,0
11103.133545536939,2,0.137408011048933,265.6662229325725,1,0
11661.326031427763,1,0.5304845268473856,285.2563981689616,0,0
14643.450331428803,1,0.2879121327774561,92.23525488470383,0,0
8816.667560387295,3,0.34093242960100745,251.83671030523396,1,0
5453.796134013726,1,0.2961057318676109,459.51325744984325,1,1
9902.736075053437,5,0.6201378508580087,281.56545361342336,1,1
1492.390284018079,1,0.5428231696929069,131.28260049668023,1,0
13512.261115663001,3,0.1623795388174492,20.43452774670761,1,0
2231.0246644038534,3,0.5212212265401404,171.46937785976365,1,0
5253.721149344365,1,0.7329518124506399,288.43250246190667,1,0
12328.308019078753,1,0.16495567265625946,26.093577743560907,1,0
9161.029485795321,1,0.811791180984336,306.8473257591223,1,1
